domain_name, registrar, orginization, name, address, city, state, zip_code, country_name
"hostwindsdns.com","NameCheap, Inc.","None","None","None","None","None","None","None"
"amazonaws.com","MarkMonitor, Inc.","Amazon.com, Inc.","Legal Department","PO BOX 81226","Seattle","WA","None","US"
"hostdango.com","GoDaddy.com, LLC","Domains By Proxy, LLC","Registration Private","['DomainsByProxy.com', '14455 N. Hayden Road']","Scottsdale","Arizona","None","US"
"vultr.com","GoDaddy.com, LLC","Vultr Holdings Corporation","None","None","None","New Jersey","None","US"
"toolsforrealestate.com","Internet Domain Service BS Corp.","Whois Privacy Corp.","Domain Admin","Ocean Centre, Montagu Foreshore, East Bay Street","Nassau","New Providence","None","BS"
"papua.go.id","Kementerian Komunikasi dan Informatika","None","None","None","None","None","None","None"
"xrqa.com","Easyspace Ltd.","REDACTED FOR PRIVACY","REDACTED FOR PRIVACY","REDACTED FOR PRIVACY","REDACTED FOR PRIVACY","Surrey","None","UK"
"le-refuge.org","OVH, SAS","Association Le Refuge","REDACTED FOR PRIVACY","REDACTED FOR PRIVACY","REDACTED FOR PRIVACY","None","None","FR"
"wonogirikab.go.id","Kementerian Komunikasi dan Informatika","None","None","None","None","None","None","None"
"luxflex.com","Launchpad, Inc. (HostGator)","GDPR Masked","GDPR Masked","GDPR Masked","GDPR Masked","Luxembourg","None","LU"
"frontierinternetservices.com","GoDaddy.com, LLC","None","None","None","None","California","None","US"
"apprend.in","GoDaddy.com, LLC","None","None","None","None","Maharashtra","None","IN"
"residenzawagner.com","TUCOWS, INC.","REDACTED FOR PRIVACY","REDACTED FOR PRIVACY","REDACTED FOR PRIVACY","REDACTED FOR PRIVACY","REDACTED FOR PRIVACY","None","IT"
"unifiedlayer.com","Domain.com, LLC","Endurance International Group, Inc.","Domain Manager","10 Corporate Drive","Burlington","MA","None","US"
"secureserver.net","Wild West Domains, LLC","Go Daddy Operating Company, LLC","None","None","None","Arizona","None","US"
"home.pl","home.pl S.A.","None","None","None","None","None","None","None"
"wanadoo.fr","NORDNET","None","None","None","None","None","None","None"
"googleusercontent.com","MarkMonitor, Inc.","Google LLC","None","None","None","CA","None","US"
"tlh.ro","Top Level Hosting SRL","None","None","None","None","None","None","None"
"eukservers.com","ENOM, INC.","REDACTED FOR PRIVACY","REDACTED FOR PRIVACY","REDACTED FOR PRIVACY","REDACTED FOR PRIVACY","WEST YORKSHIRE","None","GB"
"we.bs","None","None","None","None","None","None","None","None"
"kreditovik.ru","REGTIME-RU","None","None","None","None","None","None","None"
"ip-176-31-127.eu","None","None","None","None","None","None","None","None"
"linode.com","Name.com, Inc.","Linode, LLC","Christopher Aker","329 E. Jimmie Leeds Road , Suite A","Galloway","NJ","None","US"
"ihcounsel.com","TUCOWS, INC.","Contact Privacy Inc. Customer 0147095306","Contact Privacy Inc. Customer 0147095306","96 Mowat Ave","Toronto","ON","None","CA"
"lakewoodcrossing.com","GoDaddy.com, LLC","3 Man Group","None","None","None","Washington","None","US"
"16clouds.com","TUCOWS, INC.","Contact Privacy Inc. Customer 0152106108","Contact Privacy Inc. Customer 0152106108","96 Mowat Ave","Toronto","ON","None","CA"
"wadns.net","ENOM, INC.","REDACTED FOR PRIVACY","REDACTED FOR PRIVACY","REDACTED FOR PRIVACY","REDACTED FOR PRIVACY","REDACTED FOR PRIVACY","None","US"
"j-mysteryclub.jp","None","None","None","None","None","None","None","None"
"ip-51-79-176.net","OVH, SAS","OVH","REDACTED FOR PRIVACY","REDACTED FOR PRIVACY","REDACTED FOR PRIVACY","None","None","FR"
"ovh.net","OVH, SAS","OVH SAS","REDACTED FOR PRIVACY","REDACTED FOR PRIVACY","REDACTED FOR PRIVACY","None","None","FR"
"ip-137-74-13.eu","None","None","None","None","None","None","None","None"
"umcs.pl","Agnat Sp. z o.o.","None","None","None","None","None","None","None"
"251productions.org","10DENCEHISPAHARD, S.L","None","REDACTED FOR PRIVACY","REDACTED FOR PRIVACY","REDACTED FOR PRIVACY","Barcelona","None","ES"
"300yards.com","GoDaddy.com, LLC","Enego, Inc.","None","None","None","Florida","None","US"
"chrominance.ro","ICI - Registrar","None","None","None","None","None","None","None"
"profiwh.com","Ascio Technologies, Inc","Not Disclosed","Not Disclosed","Not Disclosed","Not Disclosed","None","None","CZ"
"medicalofficenj.com","Pair Domains","DNA Personally Yours","GDPR Redacted","GDPR Redacted","GDPR Redacted","NY","None","US"
"contaboserver.net","RegistryGate GmbH","None","None","None","None","None","None","None"
"calpop.com","GoDaddy.com, LLC","None","None","None","None","California","None","US"
"pepelotrae.com","GoDaddy.com, LLC","PEPELOTRAE.COM","None","None","None","Florida","None","US"
"js.plus","None","None","None","None","None","None","None","None"
"digital-valey.com","Arsys Internet, S.L. dba NICLINE.COM","GAT+S.L.","REDACTED FOR PRIVACY","REDACTED FOR PRIVACY","REDACTED FOR PRIVACY","Barcelona","None","ES"
"nationalnet.com","GoDaddy.com, LLC","Total Server Solutions","None","None","None","Georgia","None","US"
"blackbox.web.id","Digital Registra","None","None","None","None","None","None","None"
"fajmon-systems.cz","Digital Registra","None","None","None","None","None","None","None"
"colocrossing.com","GoDaddy.com, LLC","Colo Crossing","None","None","None","New York","None","US"
"hamiltun.com","GoDaddy.com, LLC","None","None","None","None","Ontario","None","CA"
"canvashost.com","ENOM, INC.","REDACTED FOR PRIVACY","REDACTED FOR PRIVACY","REDACTED FOR PRIVACY","REDACTED FOR PRIVACY","WA","None","US"
"a2webhosting.com","ENOM, INC.","REDACTED FOR PRIVACY","REDACTED FOR PRIVACY","REDACTED FOR PRIVACY","REDACTED FOR PRIVACY","MI","None","US"
"eurohoster.online","Wild West Domains, LLC","None","None","None","None","None","None","None"
"codero.net","TUCOWS, INC.","REDACTED FOR PRIVACY","REDACTED FOR PRIVACY","REDACTED FOR PRIVACY","REDACTED FOR PRIVACY","TX","None","US"
"wiroos.com","CSC CORPORATE DOMAINS, INC.","W Hosting S.A.","Domain Administrator","Santa Fe 1854 piso 5","Buenos Aires","None","None","AR"
"svalbardian.org","FastDomain Inc.","The Endurance International Group, Inc.","None","None","None","Massachusetts","None","US"
"ip-142-44-243.net","OVH, SAS","OVH","REDACTED FOR PRIVACY","REDACTED FOR PRIVACY","REDACTED FOR PRIVACY","None","None","FR"
"ip-51-91-192.eu","None","None","None","None","None","None","None","None"
"myhostcenter.net","ENOM, INC.","REDACTED FOR PRIVACY","REDACTED FOR PRIVACY","REDACTED FOR PRIVACY","REDACTED FOR PRIVACY","OH","None","US"
"ukservers.com","123-Reg Limited","UK Dedicated Servers Limited","REDACTED FOR PRIVACY","REDACTED FOR PRIVACY","REDACTED FOR PRIVACY","Warwickshire","None","GB"
"ashram.org","ENOM, INC.","Whois Privacy Protection Service, Inc.","Whois Agent (255859053)","['PO Box 639', 'C/O ashram.org']","Kirkland","WA","None","US"
"pandorita.com","PDR Ltd. d/b/a PublicDomainRegistry.com","Privacy Protect, LLC (PrivacyProtect.org)","Domain Admin","10 Corporate Drive","Burlington","MA","None","US"
"mxserver.ro","Net Design SRL","None","None","None","None","None","None","None"
"steadfastdns.net","Google LLC","Steadfast Networks, LLC","None","None","None","IL","None","US"
"hostmop.com","Cloudflare, Inc.","DATA REDACTED","DATA REDACTED","DATA REDACTED","DATA REDACTED","NSW","None","AU"
"hug4wishes.org","GoDaddy.com, LLC","DEPIII, Inc.","None","None","None","California","None","US"
"solsislab.com","GoDaddy.com, LLC","DEPIII, Inc.","None","None","None","California","None","US"
"verizon.net","MarkMonitor, Inc.","Verizon Trademark Services LLC","None","None","None","DC","None","US"
"stackpathedge.net","Name.com, Inc.","Domain Protection Services, Inc.","Whois Agent","PO Box 1769","Denver","CO","None","US"
"servercentral.net","eNom, LLC","None","None","None","None","None","None","None"
"delta.bg","None","None","None","None","None","None","None","None"
"doctorsofexcellence.net","GoDaddy.com, LLC","Domains By Proxy, LLC","Registration Private","['DomainsByProxy.com', '14455 N. Hayden Road']","Scottsdale","Arizona","None","US"
"your-server.de","None","None","None","None","None","None","None","None"
"midion.ru","REGRU-RU","Limited Liability Company Midion","None","None","None","None","None","None"
"dnssw.net","SW HOSTING & COMMUNICATIONS TECHNOLOGIES, S.L.","REDACTED FOR PRIVACY","REDACTED FOR PRIVACY","REDACTED FOR PRIVACY","REDACTED FOR PRIVACY","Girona","None","ES"
"deluxehosting.com","Deluxe Small Business Sales, Inc. d/b/a Aplus.net","Deluxe Enterprise Operations, LLC","Ethan Kleiner","3660 Victoria St North","Shoreview","MN","None","US"
"ip-158-69-116.net","OVH, SAS","OVH SAS","REDACTED FOR PRIVACY","REDACTED FOR PRIVACY","REDACTED FOR PRIVACY","None","None","FR"
"wncsey.com","Domain.com, LLC","REDACTED FOR PRIVACY","REDACTED FOR PRIVACY","REDACTED FOR PRIVACY","REDACTED FOR PRIVACY","NA","None","SC"
"megatrhost.com","PDR Ltd. d/b/a PublicDomainRegistry.com","MegaTR internet ve Bilisim Hizmetleri","MegaTR internet ve Bilisim Hizmetleri","Onur mh. 7370 Sk. No:5/34","Karsiyaka","&#304;zmir","None","TR"
"sakura.ne.jp","None","None","None","None","None","None","None","None"
"wingsofwar.org","TUCOWS, INC.","['N/A', 'REDACTED FOR PRIVACY']","REDACTED FOR PRIVACY","REDACTED FOR PRIVACY","REDACTED FOR PRIVACY","CO","None","US"
"liquidnetlimited.com","LIQUIDNET Ltd.","REDACTED FOR PRIVACY","REDACTED FOR PRIVACY","REDACTED FOR PRIVACY","REDACTED FOR PRIVACY","FL","None","US"
"upcloud.host","None","None","None","None","None","None","None","None"
"centos-server.net","ENOM, INC.","REDACTED FOR PRIVACY","REDACTED FOR PRIVACY","REDACTED FOR PRIVACY","REDACTED FOR PRIVACY","MI","None","US"
"rinet.ru","R01-RU","Cronyx Plus LLC","None","None","None","None","None","None"
"ebar.co.id","R01-RU","Cronyx Plus LLC","None","None","None","None","None","None"
"ntelos.net","TUCOWS, INC.","REDACTED FOR PRIVACY","REDACTED FOR PRIVACY","REDACTED FOR PRIVACY","REDACTED FOR PRIVACY","VA","None","US"
"quadranet.com","Wild West Domains, LLC","QuadraNet, Inc","None","None","None","California","None","US"
"corespace.com","Network Solutions, LLC","CoreSpace","CoreSpace","7505 JOHN W CARPENTER FWY STE 200-143","DALLAS","TX","None","US"
"saraeduclass.com","GoDaddy.com, LLC","i one global solutions","None","None","None","Karnataka","None","IN"
"telnet.net.bd","None","None","None","None","None","None","None","None"
"tragweb.com","Domain.com, LLC","REDACTED FOR PRIVACY","REDACTED FOR PRIVACY","REDACTED FOR PRIVACY","REDACTED FOR PRIVACY","ON","None","CA"
"reliablehosting.com","CSC CORPORATE DOMAINS, INC.","CSC Corporate Domains, Inc.","Domain Administrator","251 Little Falls Drive","Wilmington","DE","None","US"
"ip-137-74-169.eu","None","None","None","None","None","None","None","None"
"ggsexample1.com","ENOM, INC.","REDACTED FOR PRIVACY","REDACTED FOR PRIVACY","REDACTED FOR PRIVACY","REDACTED FOR PRIVACY","CA","None","US"
"siteskins.net","Wild West Domains, LLC","Modomedia, Inc.","None","None","None","Maryland","None","US"
"phpnet.org","ONLINE SAS","PHPNET FRANCE","REDACTED FOR PRIVACY","REDACTED FOR PRIVACY","REDACTED FOR PRIVACY","None","None","FR"
"myfluiddata.com","ENOM, INC.","REDACTED FOR PRIVACY","REDACTED FOR PRIVACY","REDACTED FOR PRIVACY","REDACTED FOR PRIVACY","NJ","None","US"
"unina2.it","Consortium GARR","None","None","None","None","None","None","None"
"netrix.fr","Groupe PulseHeberg","None","None","None","None","None","None","None"
"urban-priestess.com","Name.com, Inc.","Manager","Non-Public Data","Non-Public Data","Non-Public Data","OR","None","US"
"roxtec.de","None","None","None","None","None","None","None","None"
"rima-tde.net","acens Technologies, S.L.U.","TELEFONICA, S.A.","None","None","None","MADRID","None","ES"
"skyline.net.id","PANDI Registrar","None","None","None","None","None","None","None"
"comcastbusiness.net","CSC CORPORATE DOMAINS, INC.","Comcast Corporation","Comcast Domains","1701 JFK Blvd.","Philadelphia","PA","None","US"
"conklinbrosfloors.com","Network Solutions, LLC","None","PERFECT PRIVACY, LLC","5335 Gate Parkway care of Network Solutions PO Box 459","Jacksonville","FL","None","US"
"uss-thesis.com","Key-Systems GmbH","REDACTED FOR PRIVACY","REDACTED FOR PRIVACY","REDACTED FOR PRIVACY","REDACTED FOR PRIVACY","None","None","NL"
"gestiondeservidor.com","Hosting Concepts B.V. d/b/a Openprovider","XTUDIONETWORKS","REDACTED FOR PRIVACY","REDACTED FOR PRIVACY","REDACTED FOR PRIVACY","None","None","ES"
"orchestrasoftware.com","TUCOWS, INC.","REDACTED FOR PRIVACY","REDACTED FOR PRIVACY","REDACTED FOR PRIVACY","REDACTED FOR PRIVACY","OR","None","US"
"askveronnika.com","Pair Domains","None","GDPR Redacted","GDPR Redacted","GDPR Redacted","PA","None","US"
"everdata.network","None","None","None","None","None","None","None","None"
"davesnetwork.ca","eNom Canada Corp.","None","None","None","None","None","None","None"
"sl-reverse.com","CSC CORPORATE DOMAINS, INC.","Not Disclosed","Not Disclosed","Not Disclosed","Armonk","NY","None","US"
"pserver.ru","REGTIME-RU","None","None","None","None","None","None","None"
"scw.cloud","ONLINE SAS","Online SAS","REDACTED FOR PRIVACY","REDACTED FOR PRIVACY","REDACTED FOR PRIVACY","None","None","FR"
"012.net.il","Domain The Net Technologies Ltd","None","None","None","None","None","None","None"
"psychz.net","Network Solutions, LLC","Psychz Networks","Networks, Psychz","20687-2 AMAR RD # 312","Walnut","CA","None","US"
"digitalobjects.co.nz","1st Domains","None","None","None","None","None","None","None"
"daylightdesignsinc.com","TUCOWS, INC.","REDACTED FOR PRIVACY","REDACTED FOR PRIVACY","REDACTED FOR PRIVACY","REDACTED FOR PRIVACY","MN","None","US"
"caribeservice.org","GoDaddy.com, LLC","Mexico-PaginasWeb.com","None","None","None","Chiapas","None","MX"
"destekonline.com.tr","None","None","None","None","None","None","None","None"
"diversificationservice.net","None","None","None","None","None","None","None","None"
"linearudi.org","TUCOWS, INC.","['roggeri gianfranco', 'REDACTED FOR PRIVACY']","REDACTED FOR PRIVACY","REDACTED FOR PRIVACY","REDACTED FOR PRIVACY","to","None","IT"
"plusserver.de","None","None","None","None","None","None","None","None"
"inmotionhosting.com","TUCOWS, INC.","REDACTED FOR PRIVACY","REDACTED FOR PRIVACY","REDACTED FOR PRIVACY","REDACTED FOR PRIVACY","CA","None","US"
"ioflood.net","NAMECHEAP INC","Redacted for Privacy Purposes","Redacted for Privacy Purposes","Redacted for Privacy Purposes","Redacted for Privacy Purposes","NV","None","US"
"hostgator.com.br","None","None","None","None","None","None","None","BR"
"phoenixwholesalehomes.com","GoDaddy.com, LLC","Domains By Proxy, LLC","Registration Private","['DomainsByProxy.com', '14455 N. Hayden Road']","Scottsdale","Arizona","None","US"
"ambrainfra.com","Net 4 India Limited","None","None","None","None","None","None","None"
"kimsufi.com","OVH, SAS","OVH SAS","REDACTED FOR PRIVACY","REDACTED FOR PRIVACY","REDACTED FOR PRIVACY","None","None","FR"
"web-hosting.com","eNom, LLC","None","None","None","None","None","None","None"
"dubdetailing.ro","IPv4 Management SRL","None","None","None","None","None","None","None"
"frau-im-wohnmobil.de","None","None","None","None","None","None","None","None"
"fvds.ru","REGTIME-RU","CJSC |Pervyj|","None","None","None","None","None","None"
"mapieresources.com","WEBCC","Max","Max Wong","28-2 Petaling Utama Avenue Jalan PJS 1 50, Taman Petaling Utama","Petaling Jaya","Selangor","None","MY"
"bbhosting.cz","REG-CZNIC","None","None","None","None","None","None","None"
"rdsnet.ro","RCS & RDS SA","None","None","None","None","None","None","None"
"perfora.net","1&1 IONOS SE","1&1 Internet Inc.","REDACTED FOR PRIVACY","REDACTED FOR PRIVACY","REDACTED FOR PRIVACY","PA","None","US"
"live-servers.net","TUCOWS, INC.","REDACTED FOR PRIVACY","REDACTED FOR PRIVACY","REDACTED FOR PRIVACY","REDACTED FOR PRIVACY","Gloucestershire","None","GB"
"richardberwick.com","GoDaddy.com, LLC","None","None","None","None","California","None","US"
"innermineral.com","Pair Domains","None","GDPR Redacted","GDPR Redacted","GDPR Redacted","Ohio","None","US"
"timeweb.ru","TIMEWEB-RU","TimeWeb Co. Ltd.","None","None","None","None","None","None"
"misscalifornia.org","Network Solutions, LLC","['Miss California Organization', 'Statutory Masking Enabled']","Statutory Masking Enabled","Statutory Masking Enabled","Statutory Masking Enabled","['CA', 'Statutory Masking Enabled']","None","['US', 'Statutory Masking Enabled']"
"arvixeshared.com","ENOM, INC.","REDACTED FOR PRIVACY","REDACTED FOR PRIVACY","REDACTED FOR PRIVACY","REDACTED FOR PRIVACY","TX","None","US"
"bitbirds.info","PDR Ltd. d/b/a PublicDomainRegistry.com","bitBirds Solutions","bitBirds Solutions","BDBL Bhaban (3rd Floor-West), 12 Kawran Bazar","Dhaka","Dhaka","None","BD"
"nitex.me","GoDaddy.com, LLC","None","None","None","None","None","None","None"
"megaservidor.com.br","None","None","None","None","None","None","None","BR"
"zcom.cz","None","None","None","None","None","None","None","BR"
"ugm.ac.id","INDOREG","None","None","None","None","None","None","None"
"ifastnet16.org","NAMECHEAP INC","['iFastNet Internet', 'Redacted for Privacy Purposes']","Redacted for Privacy Purposes","Redacted for Privacy Purposes","Redacted for Privacy Purposes","California","None","US"
"aradhosting.ro","Icetech Company SRL","None","None","None","None","None","None","None"
"asiastar.co","GoDaddy.com, LLC","AsiaStar System","REDACTED FOR PRIVACY","REDACTED FOR PRIVACY","REDACTED FOR PRIVACY","852","None","HK"
"awedns.com","Shinjiru MSC Sdn Bhd","Privacy Protect, LLC (PrivacyProtect.org)","Domain Admin","10 Corporate Drive","Burlington","MA","None","US"
"clouditalia.com","ENOM, INC.","REDACTED FOR PRIVACY","REDACTED FOR PRIVACY","REDACTED FOR PRIVACY","REDACTED FOR PRIVACY","ar","None","IT"
"sarenet.com","Network Solutions, LLC","Statutory Masking Enabled","Statutory Masking Enabled","Statutory Masking Enabled","Statutory Masking Enabled","Statutory Masking Enabled","None","Statutory Masking Enabled"
"sharkpartymedia.com","GoDaddy.com, LLC","Domains By Proxy, LLC","Registration Private","['DomainsByProxy.com', '14455 N. Hayden Road']","Scottsdale","Arizona","None","US"
"eaziquote.com","123-Reg Limited","North Supply Ltd","REDACTED FOR PRIVACY","REDACTED FOR PRIVACY","REDACTED FOR PRIVACY","Leicestershire","None","GB"
"admin-4-it.net","GANDI SAS","None","REDACTED FOR PRIVACY","REDACTED FOR PRIVACY","REDACTED FOR PRIVACY","None","None","FR"
"serverpronto.com","GoDaddy.com, LLC","Domains By Proxy, LLC","Registration Private","['DomainsByProxy.com', '14455 N. Hayden Road']","Scottsdale","Arizona","None","US"
"prodns.com.br","None","None","None","None","None","None","None","BR"
"creativagenten.de","None","None","None","None","None","None","None","None"
"avtoprivoz.ru","RU-CENTER-RU","None","None","None","None","None","None","None"
"garciaaia.com","GKG.NET, INC.","Garcia & Associates","None","None","None","CA","None","US"
"shtelecom.ir","None","None","None","None","None","None","None","None"
"servercontrol.com.au","Synergy Wholesale Pty Ltd","None","None","None","None","None","None","None"
"cbtsmkkesehatansmd.net","CV. Rumahweb Indonesia","Domain Data Guard","Domain Data Guard","PO Box 404 Yogyakarta - Visit domaindataguard.com to contact the domain registrant/owner","Yogyakarta","Yogyakarta","None","ID"
"stofanet.dk","None","None","None","None","None","None","None","None"
"zwalla.net","FastDomain Inc.","THE ENDURANCE INTERNATIONAL GROUP, INC.","DOMAIN PRIVACY SERVICE FBO REGISTRANT","10 CORPORATE DR, STE 300","BURLINGTON","MASSACHUSETTS","None","US"
"johncompanies.com","Network Solutions, LLC","None","PERFECT PRIVACY, LLC","5335 Gate Parkway care of Network Solutions PO Box 459","Jacksonville","FL","None","US"
"lstn.net","Name.com, Inc.","Limestone Networks Inc","Domain Administrator","400 S Akard Street , Suite 200","Dallas","TX","None","US"
"sparklight.net","NETWORK SOLUTIONS, LLC.","None","PERFECT PRIVACY, LLC","5335 Gate Parkway care of Network Solutions PO Box 459","Jacksonville","FL","None","US"
"univerzal.net","NameSilo, LLC","See PrivacyGuardian.org","Domain Administrator","1928 E. Highland Ave. Ste F104 PMB# 255","Phoenix","AZ","None","US"
"ip-92-222-150.eu","None","None","None","None","None","None","None","None"
"e2enetworks.net.in","Endurance Domains Technology LLP","None","None","None","None","Haryana","None","IN"
"izm.io","GANDI SAS","None","None","None","None","None","None","None"
"mymobiledesigner.com","NameSilo, LLC","See PrivacyGuardian.org","Domain Administrator","1928 E. Highland Ave. Ste F104 PMB# 255","Phoenix","AZ","None","US"
"layerspeed.com","PDR Ltd. d/b/a PublicDomainRegistry.com","PT. INFINITY SARANA SUKSES","Kalpin E. Silaen","Rukan Permata Senayan blok A No.9","Kebayoran Baru","Jakarta","None","ID"
"rootnet.io","Key-Systems GmbH","None","None","None","None","None","None","None"
"no-reverse-dns-configured.com","ABOVE.COM PTY LTD.","REDACTED FOR PRIVACY","REDACTED FOR PRIVACY","REDACTED FOR PRIVACY","REDACTED FOR PRIVACY","REDACTED FOR PRIVACY","None","REDACTED FOR PRIVACY"
"bigtimestuff.com","Register.com, Inc.","ohip creations","walker, jeff","713 W PIERCE ST","PHOENIX","AZ","None","US"
"ip-reverse.com","Wild West Domains, LLC","Domains By Proxy, LLC","Registration Private","['DomainsByProxy.com', '14455 N. Hayden Road']","Scottsdale","Arizona","None","US"
"claircos.co.jp","None","None","None","None","None","None","None","None"
"6va.org","PDR Ltd. d/b/a PublicDomainRegistry.com","iConvergence","Pignard","Marrakech","Marrakech","Marrakech-Tensift-El Haouz","None","MA"
"poneytelecom.eu","None","None","None","None","None","None","None","None"
"rapellys.biz","Vautron Rechenzentrum AG","None","None","None","None","None","None","None"
"nmsrv.com","Network Solutions, LLC","Gossamer Threads Inc.","Gossamer Threads Inc.","455 Granville St.","Vancouver","BC","None","CA"
"nazwa.pl","nazwa.pl sp. z o.o.","None","None","None","None","None","None","None"
"tenten.vn","None","None","None","None","None","None","None","None"
"article-buddy.com","GoDaddy.com, LLC","None","None","None","None","RO","None","RO"
"103.in-addr.arpa","None","None","None","None","None","None","None","None"
"t-ipconnect.de","None","None","None","None","None","None","None","None"
"xlhdns.com","GoDaddy.com, LLC","None","None","None","None","Ohio","None","US"
"tinfeqr.com","GoDaddy.com, LLC","None","None","None","None","Ohio","None","US"
"bushido.ca","Go Get Canada Domain Registrar Ltd.","None","None","None","None","None","None","None"
"cantv.net","TUCOWS, INC.","REDACTED FOR PRIVACY","REDACTED FOR PRIVACY","REDACTED FOR PRIVACY","REDACTED FOR PRIVACY","Miranda","None","VE"
"marseille.fr","GANDI","None","None","None","None","None","None","None"
"rr.com","CSC CORPORATE DOMAINS, INC.","Charter Communications Operating, LLC","Domain Admin","12405 Powerscourt Drive","Saint Louis","MO","None","US"
"salmonavideo.com","Pair Domains","Mike Butler Inc","GDPR Redacted","GDPR Redacted","GDPR Redacted","FLORIDA","None","US"
"censuing.com","Pair Domains","Mike Butler Inc","GDPR Redacted","GDPR Redacted","GDPR Redacted","FLORIDA","None","US"
"dreamhostps.com","DreamHost, LLC","None","None","None","None","None","None","None"
"ismartsocial.com","PDR Ltd. d/b/a PublicDomainRegistry.com","thewebdesigns.net","Amit Ghodasara","Milap Nagar, B/24, University Road","Rajkot","None","None","IN"
"contabo.net","RegistryGate GmbH","None","None","None","None","None","None","None"
"hostingraja.in","GoDaddy.com, LLC","None","None","None","None","Karnataka","None","IN"
"enrichdatar.com","GoDaddy.com, LLC","None","None","None","None","Karnataka","None","IN"
"manow.de","None","None","None","None","None","None","None","None"
"nsdwk.com","GoDaddy.com, LLC","None","None","None","None","Lucca","None","IT"
"vmha.us","Tucows Domains Inc.","None","None","None","None","None","None","None"
"ip-51-77-59.eu","None","None","None","None","None","None","None","None"
"idjavahost.com","CV. Jogjacamp","Java Digital Indonesia","None","None","None","Jakarta","None","ID"
"simo.org","UNIREGISTRAR CORP","None","PRIVACYDOTLINK CUSTOMER 4339661","PO BOX 30485","SEVEN MILE BEACH","['Grand Cayman', 'GRAND CAYMAN']","None","KY"
"kristinjoyswarcheck.com","GoDaddy.com, LLC","Domains By Proxy, LLC","Registration Private","['DomainsByProxy.com', '14455 N. Hayden Road']","Scottsdale","Arizona","None","US"
"soccergodrhys.com","eNom, LLC","None","None","None","None","None","None","None"
"edruk.com.bt","None","None","None","None","None","None","None","None"
"en.co.id","Digital Registra","None","None","None","None","None","None","None"
"unisonplatform.com","eNom, LLC","None","None","None","None","None","None","None"
"local.","None","None","None","None","None","None","None","None"
"softwarelivre.org","Register.com, Inc.","['Associacao Software Livre.Org', 'Statutory Masking Enabled']","Statutory Masking Enabled","Statutory Masking Enabled","Statutory Masking Enabled","['RS', 'Statutory Masking Enabled']","None","['BR', 'Statutory Masking Enabled']"
"romania-webhosting.com","PDR Ltd. d/b/a PublicDomainRegistry.com","GDPR Masked","GDPR Masked","GDPR Masked","GDPR Masked","Satu Mare","None","RO"
"vndata.vn","None","None","None","None","None","None","None","None"
"paytren.co.id","PT Qwords Company International","None","None","None","None","None","None","None"
"euphonynet.be","None","Orange Tech Mahindra","Orange SA","None","None","None","None","None"
"myrepublic.co.id","Digital Registra","None","None","None","None","None","None","None"
"mowers4less.com","ENOM, INC.","REDACTED FOR PRIVACY","REDACTED FOR PRIVACY","REDACTED FOR PRIVACY","REDACTED FOR PRIVACY","NC","None","US"
"freeblackday.gq","None","None","None","None","None","None","None","None"
"fcc.net","CSC CORPORATE DOMAINS, INC.","Earthlink Inc","Hostmaster -","1375 Peachtree St,","Atlanta","GA","None","US"
"111-tataidc.co.in","Dynadot LLC","None","None","None","None","Delaware","None","US"
"iconpln.net.id","PANDI Registrar","None","None","None","None","None","None","None"
"fiber.net","ENOM, INC.","REDACTED FOR PRIVACY","REDACTED FOR PRIVACY","REDACTED FOR PRIVACY","REDACTED FOR PRIVACY","UT","None","US"
"conectsul.com.br","None","None","None","None","None","None","None","BR"
"carecredit.bt","None","None","None","None","None","None","None","None"
"hostdatasecure.net","PDR Ltd. d/b/a PublicDomainRegistry.com","HostRivers.Com","HostRivers.Com","4/67,7-8, First Floor, Thangavelu Complex, Edayarpalayam Main Road, Kuniyamuthur Post,","Coimbatore","Tamil Nadu","None","IN"
"bfhg.com.au","Domain Directors Pty Ltd trading as Instra","None","None","None","None","None","None","None"
"aruba.it","Aruba s.p.a.","None","None","None","None","None","None","None"
"cloudmailstore.com","TUCOWS, INC.","Contact Privacy Inc. Customer 0129800801","Contact Privacy Inc. Customer 0129800801","96 Mowat Ave","Toronto","ON","None","CA"
"iplocal.","None","None","None","None","None","None","None","None"
"ocn.ne.jp","None","None","None","None","None","None","None","None"
"auth.gr","None","None","None","None","None","None","None","None"
"scu.edu.tw","None","None","None","None","None","None","None","None"
"mclink.it","Irideos s.p.a.","None","None","None","None","None","None","None"
"seoboxes.com","Domain.com, LLC","The Endurance International Group, Inc.","Domain Manager","10 Corporate Drive Suite 300","Burlington","MA","None","US"
"sekershell.com","PDR Ltd. d/b/a PublicDomainRegistry.com","SEKERSHELL INTERNET HIZMETLERI","Mehmet ÇELİK","Seviller mahallesi atatürk bulvarı alt yol 17/b","gerede","Bolu","None","TR"
"myserverhosts.com","Domain.com, LLC","The Endurance International Group, Inc.","Domain Manager","10 Corporate Drive Suite 300","Burlington","MA","None","US"
"mgklogistics.com","TUCOWS, INC.","REDACTED FOR PRIVACY","REDACTED FOR PRIVACY","REDACTED FOR PRIVACY","REDACTED FOR PRIVACY","Arizona","None","US"
"ncsu.edu","None","None","None","None","None","None","None","None"
"ip-94-23-47.eu","None","None","None","None","None","None","None","None"
"gridserver.com","GoDaddy.com, LLC","Media Temple Inc.","None","None","None","California","None","US"
"ip-164-132-107.eu","None","None","None","None","None","None","None","None"
"comcast.net","CSC CORPORATE DOMAINS, INC.","Comcast Corporation","Comcast Domains","1701 JFK Blvd.","Philadelphia","PA","None","US"
"jablonka.cz","REG-INTERNET-CZ","None","None","None","None","None","None","None"
"poconosignco.com","TUCOWS, INC.","REDACTED FOR PRIVACY","REDACTED FOR PRIVACY","REDACTED FOR PRIVACY","REDACTED FOR PRIVACY","PA","None","US"
"ceti.pl","CETI S.C.","None","None","None","None","None","None","None"
"scottkatilus.com","GoDaddy.com, LLC","Keller williams","None","None","None","New York","None","US"
"ctbctelecom.com.br","None","None","None","None","None","None","None","BR"
"boweler.com","None","None","None","None","None","None","None","BR"
"uni-heidelberg.de","None","None","None","None","None","None","None","None"
"cloudvps.com","Hosting Concepts B.V. d/b/a Openprovider","CloudVPS B.V.","REDACTED FOR PRIVACY","REDACTED FOR PRIVACY","REDACTED FOR PRIVACY","Zuid-Holland","None","NL"
"webfutprints.com","Hosting Concepts B.V. d/b/a Openprovider","CloudVPS B.V.","REDACTED FOR PRIVACY","REDACTED FOR PRIVACY","REDACTED FOR PRIVACY","Zuid-Holland","None","NL"
"willsus.com","GoDaddy.com, LLC","Domains By Proxy, LLC","Registration Private","['DomainsByProxy.com', '14455 N. Hayden Road']","Scottsdale","Arizona","None","US"
"osogrande.net","TUCOWS, INC.","REDACTED FOR PRIVACY","REDACTED FOR PRIVACY","REDACTED FOR PRIVACY","REDACTED FOR PRIVACY","NM","None","US"
"ubc.ca","Webnames.ca Inc.","None","None","None","None","None","None","None"
"ddouglas.k12.or.us","None","None","None","None","None","None","None","None"
"speak2leads.com","GoDaddy.com, LLC","Domains By Proxy, LLC","Registration Private","['DomainsByProxy.com', '14455 N. Hayden Road']","Scottsdale","Arizona","None","US"
"seowebhosting.net","Domain.com, LLC","The Endurance International Group, Inc.","Domain Manager","10 Corporate Drive Suite 300","Burlington","MA","None","US"
"rcmodelhelis.com","GoDaddy.com, LLC","JR COMPUTERS","None","None","None","Washington","None","US"
"cox.net","Network Solutions, LLC","None","PERFECT PRIVACY, LLC","5335 Gate Parkway care of Network Solutions PO Box 459","Jacksonville","FL","None","US"
"ipac-afrique.com","ENOM, INC.","REDACTED FOR PRIVACY","REDACTED FOR PRIVACY","REDACTED FOR PRIVACY","REDACTED FOR PRIVACY","MA","None","MA"
"telia.com","CSC CORPORATE DOMAINS, INC.","TeliaSonera AB","Domain Manager","Sturegatan 1","Stockholm","SE","None","SE"
"mywebspace.zone","PSI-USA, Inc. dba Domain Robot","None","REDACTED FOR PRIVACY","REDACTED FOR PRIVACY","REDACTED FOR PRIVACY","DE","None","DE"
"greenlandlibya.com","TUCOWS, INC.","REDACTED FOR PRIVACY","REDACTED FOR PRIVACY","REDACTED FOR PRIVACY","REDACTED FOR PRIVACY","AM","None","LY"
"sdgz.net","NAMECHEAP INC","Redacted for Privacy Purposes","Redacted for Privacy Purposes","Redacted for Privacy Purposes","Redacted for Privacy Purposes","S","None","US"
"example.com","RESERVED-Internet Assigned Numbers Authority","None","None","None","None","None","None","None"
"claro.com.sv","None","None","None","None","None","None","None","None"
"autechre.org","GoDaddy.com, LLC","None","None","None","None","Massachusetts","None","US"
"usi.sk","Žilinská univerzita v Žiline","None","None","None","None","None","None","None"
"aboumerhicruises.com","GoDaddy.com, LLC","Abou Merhi Group","None","None","None","None","None","LB"
"mochahost.com","ENOM, INC.","Whois Privacy Protection Service, Inc.","Whois Agent (501332723)","['PO Box 639', 'C/O mochahost.com']","Kirkland","WA","None","US"
"arrivat.com","TurnCommerce, Inc. DBA NameBright.com","None","Domain Administrator","2635 Walnut Street","Denver","CO","None","US"
"telapex.com","Register.com, Inc.","C Spire","Whois Agent","201 Summit Parkway","Homewood","AL","None","US"
"unict.it","Consortium GARR","None","None","None","None","None","None","None"
"cardscay.com","Consortium GARR","None","None","None","None","None","None","None"
"acs.my.id","ResellerCamp","None","None","None","None","None","None","None"
"yourwebvantage.com","ENOM, INC.","REDACTED FOR PRIVACY","REDACTED FOR PRIVACY","REDACTED FOR PRIVACY","REDACTED FOR PRIVACY","PA","None","US"
"prosolusindo.com","MAFF Inc.","None","None","None","None","None","None","None"
"ldp.net.id","PANDI Registrar","None","None","None","None","None","None","None"
"bellsouth.net","CSC CORPORATE DOMAINS, INC.","AT&T SERVICES, INC.","Domain Administrator","801 Chestnut Street","Saint Louis","MO","None","US"
"rightside.ru","REGRU-RU","KrasPromStroi, LLC","None","None","None","None","None","None"
"castleulock.com","REGRU-RU","KrasPromStroi, LLC","None","None","None","None","None","None"
"ip-217-182-18.eu","None","None","None","None","None","None","None","None"
"nativel.cz","None","None","None","None","None","None","None","None"
"mybluehost.me","eNom, Inc.","None","None","None","None","None","None","None"
"mcu.edu.tw","None","None","None","None","None","None","None","None"
"nethosting.com","ENOM, INC.","REDACTED FOR PRIVACY","REDACTED FOR PRIVACY","REDACTED FOR PRIVACY","REDACTED FOR PRIVACY","UT","None","US"
"cloud.net.za","None","None","None","None","None","None","None","None"
"uninet-ide.com.mx","Akky (Una division de NIC Mexico)","None","None","None","None","None","None","None"
"ismw.org","GoDaddy.com, LLC","International School of Music","None","None","None","Maryland","None","US"
"uk2net.com","ENOM, INC.","REDACTED FOR PRIVACY","REDACTED FOR PRIVACY","REDACTED FOR PRIVACY","REDACTED FOR PRIVACY","UT","None","US"
"jpauto.hu","None","None","None","None","None","None","None","None"
"benary.org","INWX GmbH & Co. KG","Domain Robot Ltd.","None","None","None","None","None","HK"
"axtel.net","Network Solutions, LLC","Axtel-Servicios","Axtel-Servicios","AXTEL S.A.B. Blvd. Diaz Ordaz Km.3.33 L-1","San Pedro Garza Garcia","N.L.","None","MX"
"thebenjs.com","Network Solutions, LLC","BENJAMIN CONSULTING","BENJAMIN CONSULTING","2835 NW 62ND ST","SEATTLE","WA","None","US"
"necstarter.com","Network Solutions, LLC","BENJAMIN CONSULTING","BENJAMIN CONSULTING","2835 NW 62ND ST","SEATTLE","WA","None","US"
"altecti.com","GoDaddy.com, LLC","None","None","None","None","Florida","None","US"
"microhost.pl","PERSKIMEDIA Szymon Perski","None","None","None","None","None","None","None"
"telesto.gr","None","None","None","None","None","None","None","None"
"daaokc.com","Network Solutions, LLC","Dealer's Auto Auction of Oklahoma City, Inc","Dealer's Auto Auction of Oklahoma City, Inc","1028 S PORTLAND AVE","OKLAHOMA CITY","OK","None","US"
"polban.ac.id","CORE MEDIATECH","None","None","None","None","None","None","None"
"fastwebnet.it","Fastweb s.p.a.","None","None","None","None","None","None","None"
"hinet.net","Network Solutions, LLC","Internet Dept., DCBG, Chunghwa Telecom Co., Ltd.","Internet Dept., DCBG, Chunghwa Telecom Co., Ltd.","Data-Bldg, No. 21 Sec.1, Hsin-Yi Rd.","Taipei","Taiwan","None","TW"
"ip-192-99-179.net","OVH, SAS","Hebergement OVH Inc.","REDACTED FOR PRIVACY","REDACTED FOR PRIVACY","REDACTED FOR PRIVACY","None","None","CA"
"lemon.cm","None","None","None","None","None","None","None","None"
"vervenation.com","NAMECHEAP INC","WhoisGuard, Inc.","WhoisGuard Protected","P.O. Box 0823-03411","Panama","Panama","None","PA"
"videotron.ca","Webnames.ca Inc.","None","None","None","None","None","None","None"
"cepat.net.id","PANDI Registrar","None","None","None","None","None","None","None"
"quaddmg.com","NAMECHEAP INC","WhoisGuard, Inc.","WhoisGuard Protected","P.O. Box 0823-03411","Panama","Panama","None","PA"
"dnsgrip.net","Wild West Domains, LLC","None","None","None","None","None","None","PK"
"glmak.com","ENOM, INC.","REDACTED FOR PRIVACY","REDACTED FOR PRIVACY","REDACTED FOR PRIVACY","REDACTED FOR PRIVACY","WA","None","US"
"zcu.cz","ENOM, INC.","REDACTED FOR PRIVACY","REDACTED FOR PRIVACY","REDACTED FOR PRIVACY","REDACTED FOR PRIVACY","WA","None","US"
"misuniversity.com","1&1 IONOS SE","None","REDACTED FOR PRIVACY","REDACTED FOR PRIVACY","REDACTED FOR PRIVACY","CO","None","US"
"aegean.gr","None","None","None","None","None","None","None","None"
"broaddy.com","Ascio Technologies, Inc","Not Disclosed","Not Disclosed","Not Disclosed","Not Disclosed","Praha","None","CZ"
"nadai.jp","None","None","None","None","None","None","None","None"
"centuman.com","None","None","None","None","None","None","None","None"
"alatas.com.hk","Hong Kong Domain Name Registration Company Limited","None","None","None","None","None","None","None"
"smithville.net","GoDaddy.com, LLC","Smithville Holding Inc","None","None","None","Indiana","None","US"
"scottcreekpottery.net","GoDaddy.com, LLC","Clay Art Center, Inc.","None","None","None","Washington","None","US"
"sfr.net","Safebrands SAS","SOCIETE FRANCAISE DU RADIOTELEPHONE - SFR","CHAMARD Claire","1 SQUARE BELA BARTOK","Paris","None","None","fr"
"moratelindo.net.id","PANDI Registrar","None","None","None","None","None","None","None"
"ip-217-182-225.eu","None","None","None","None","None","None","None","None"
"netlife.ec","None","None","None","None","None","None","None","None"
"interhost.it","Genesys Informatica S.r.l.","None","None","None","None","None","None","None"
"arena.ne.jp","None","None","None","None","None","None","None","None"
"unh.edu","None","None","None","None","None","None","None","None"
"cretanews.net","None","None","None","None","None","None","None","None"
"prodisa5.net","Tucows Domains Inc.","None","None","None","None","None","None","None"
"monkeybrains.net","CSL Computer Service Langenbach GmbH d/b/a joker.com","Monkey Brains","None","None","None","CA","None","US"
"jalo.hu","None","None","None","None","None","None","None","None"
"cars-international.eu","None","None","None","None","None","None","None","None"
"cc2f.fr","1&1 IONOS SE","None","None","None","None","None","None","None"
"xlvps.com","GoDaddy.com, LLC","None","None","None","None","Florida","None","US"
"slavehack2.com","Launchpad, Inc. (HostGator)","Rhino Studio","JOSE REYNOSO","1380 SHEARWATER DR","PATTERSON","CA","None","US"
"mysitehosted.com","eNom, LLC","None","None","None","None","None","None","None"
"srv.cat","10DENCEHISPAHARD, S.L","None","REDACTED FOR PRIVACY","REDACTED FOR PRIVACY","REDACTED FOR PRIVACY","Barcelona","None","ES"
"rsdev.ml","None","None","None","None","None","None","None","None"
"ercim.eu","None","None","None","None","None","None","None","None"
"legacydentistry.com","GoDaddy.com, LLC","Domains By Proxy, LLC","Registration Private","['DomainsByProxy.com', '14455 N. Hayden Road']","Scottsdale","Arizona","None","US"
"1hostmaster.com","GoDaddy.com, LLC","Domains By Proxy, LLC","Registration Private","['DomainsByProxy.com', '14455 N. Hayden Road']","Scottsdale","Arizona","None","US"
"voo.be","None","['NRB', 'TECTEO Group']","Network Research Belgium","None","None","None","None","None"
"com-slickdeal.com","NameCheap, Inc.","None","None","None","None","None","None","None"
"netcabo.pt","None","None","None","None","None","None","None","None"
"ascentspark.com","BigRock Solutions Ltd.","None","Partha das","18 South Road","Kolkata","Other","None","IN"
"progela.com","Aerotek Bilisim Sanayi ve Ticaret AS","None","Mehmet Odabasi","ISTIKLAL MAH.","Eskisehir","Odunpazari","None","TR"
"dnswebhost.com","PDR Ltd. d/b/a PublicDomainRegistry.com","hostfeat","hostfeat","5847 San Felipe, Suite 2400","Houston","Texas","None","US"
"animalnutrition.org","GoDaddy.com, LLC","None","None","None","None","Illinois","None","US"
"suddenlink.net","GoDaddy.com, LLC","Altice USA","None","None","None","New York","None","US"
"ip-164-132-114.eu","None","None","None","None","None","None","None","None"
"bekasikab.go.id","Kementerian Komunikasi dan Informatika","None","None","None","None","None","None","None"
"anywor.com","Kementerian Komunikasi dan Informatika","None","None","None","None","None","None","None"
"hostdserver.com","GoDaddy.com, LLC","None","None","None","None","Haryana","None","IN"
"kemdikbud.go.id","Kementerian Komunikasi dan Informatika","None","None","None","None","None","None","None"
"proxad.net","ONLINE SAS","Free S.A.S.","REDACTED FOR PRIVACY","REDACTED FOR PRIVACY","REDACTED FOR PRIVACY","None","None","FR"
"cocotem.com","ONLINE SAS","Free S.A.S.","REDACTED FOR PRIVACY","REDACTED FOR PRIVACY","REDACTED FOR PRIVACY","None","None","FR"
"ufsj.edu.br","None","None","None","None","None","None","None","BR"
"contaxi.com","TUCOWS, INC.","REDACTED FOR PRIVACY","REDACTED FOR PRIVACY","REDACTED FOR PRIVACY","REDACTED FOR PRIVACY","Nuevo Leon","None","MX"
"dumbdoor.net","TUCOWS, INC.","REDACTED FOR PRIVACY","REDACTED FOR PRIVACY","REDACTED FOR PRIVACY","REDACTED FOR PRIVACY","Nuevo Leon","None","MX"
"mtsvc.net","GoDaddy.com, LLC","Media Temple Inc.","None","None","None","California","None","US"
"vodafonedsl.it","CSC Corporate Domains, Inc.","None","None","None","None","None","None","None"
"estetika-art.com","REGTIME LTD.","PRA Estetika","Rakcheev Alexandr","Rabochaia 29","Saratov","Saratovskaya","None","RU"
"drivermats.com","GoDaddy.com, LLC","None","None","None","None","Missouri","None","US"
"ds.network","None","None","None","None","None","None","None","None"
"ip-92-222-67.eu","None","None","None","None","None","None","None","None"
"hosting-services.net.au","Synergy Wholesale Pty Ltd","None","None","None","None","None","None","None"
"ip-46-105-108.eu","None","None","None","None","None","None","None","None"
"glesys.net","Nordreg AB","REDACTED FOR PRIVACY","REDACTED FOR PRIVACY","REDACTED FOR PRIVACY","REDACTED FOR PRIVACY","None","None","SE"
"sbcglobal.net","CSC CORPORATE DOMAINS, INC.","AT&T SERVICES, INC.","Domain Administrator","801 Chestnut Street","Saint Louis","MO","None","US"
"napason.com","CSC CORPORATE DOMAINS, INC.","AT&T SERVICES, INC.","Domain Administrator","801 Chestnut Street","Saint Louis","MO","None","US"
"bkns.vn","None","None","None","None","None","None","None","None"
"desingreen.com","NAMECHEAP INC","WhoisGuard, Inc.","WhoisGuard Protected","P.O. Box 0823-03411","Panama","Panama","None","PA"
"retaseta.net","NAMECHEAP INC","WhoisGuard, Inc.","WhoisGuard Protected","P.O. Box 0823-03411","Panama","Panama","None","PA"
"ramnode.com","NAMECHEAP INC","Redacted for Privacy Purposes","Redacted for Privacy Purposes","Redacted for Privacy Purposes","Redacted for Privacy Purposes","GA","None","US"
"ghst.net","GANDI SAS","GANDI SAS","REDACTED FOR PRIVACY","REDACTED FOR PRIVACY","REDACTED FOR PRIVACY","None","None","FR"
"northstate.net","GoDaddy.com, LLC","North State Communications","None","None","None","North Carolina","None","US"
"welezohealth.com","BigRock Solutions Ltd.","None","Shiv Prasad","No 13, Sanjay Nagar Main Road, Above Foodworld, Bengaluru","Bangalore","Other","None","IN"
"novaclients.com","GoDaddy.com, LLC","Nova Creative Group","None","None","None","Ohio","None","US"
"yaeyamanippo-news.com","GMO INTERNET, INC.","masao kina","masao kina","6-18 shinei cho","ishigaki-shi","Okinawa","None","JP"
"177.in-addr.arpa","None","None","None","None","None","None","None","None"
"midphase.com","ENOM, INC.","REDACTED FOR PRIVACY","REDACTED FOR PRIVACY","REDACTED FOR PRIVACY","REDACTED FOR PRIVACY","UT","None","US"
"paydirt.fi","Gandi","None","None","None","None","None","None","None"
"chunkhost.com","GoDaddy.com, LLC","Daiger Sydes Gustafson","None","None","None","California","None","US"
"lacoloniabp.com.ar","nicar","None","ASOCIACION COLONIA DE VACACIONES DEL PERSONAL DEL BANCO DE L","None","None","None","None","None"
"utoronto.ca","Rebel.ca Corp.","None","None","None","None","None","None","None"
"chaplain.support","GoDaddy.com, LLC","Domains By Proxy, LLC","REDACTED FOR PRIVACY","REDACTED FOR PRIVACY","REDACTED FOR PRIVACY","Arizona","None","US"
"novaferrum.org","None","None","None","None","None","None","None","None"
"redbarndesign.ca","VDC Virtual Data Corp. o/a Blacksun","None","None","None","None","None","None","None"
"inforein.es","None","None","None","None","None","None","None","None"
"4thirds.info","eNom, Inc.","UK Fishing KK","None","None","None","Saitama","None","JP"
"virtua.com.br","None","None","None","None","None","None","None","BR"
"mereden.com","GoDaddy.com, LLC","None","None","None","None","None","None","CA"
"bensn.com.tw","PCHOME","None","None","None","None","None","None","None"
"ip-54-37-163.eu","None","None","None","None","None","None","None","None"
"ucdavis.edu","None","None","None","None","None","None","None","None"
"ipjetable.net","GANDI SAS","SARL Lost Oasis","REDACTED FOR PRIVACY","REDACTED FOR PRIVACY","REDACTED FOR PRIVACY","None","None","FR"
"chainedlinks.com","GKG.NET, INC.","GKG.NET Domain Proxy Service","GKG.NET Domain Proxy Service Administrator","PO BOX 1450","Bryan","TX","None","US"
"odn.ne.jp","None","None","None","None","None","None","None","None"
"myvzw.com","MarkMonitor, Inc.","Verizon Trademark Services LLC","None","None","None","DC","None","US"
"safaricombusiness.co.ke","None","None","None","None","None","None","None","None"
"johnsonworld.com","Pair Domains","Johnson CN","GDPR Redacted","GDPR Redacted","GDPR Redacted","WA","None","US"
"sknt.ru","RU-CENTER-RU","LLC |skynet|","None","None","None","None","None","None"
"langrock.org","Key-Systems GmbH","REDACTED FOR PRIVACY","REDACTED FOR PRIVACY","REDACTED FOR PRIVACY","REDACTED FOR PRIVACY","['Baden-Wuerttemberg', 'Baden-Württemberg']","None","DE"
