signature, comprised_count, common_isp, common_country,  common_server
+ADw-/title+AD4-HackeD By Aghiles Ip+ADw-DIV style+AD0AIg-DISPLAY: none+ACIAPgA8-xmp+AD4- | Guilt Free Desserts &amp; Smoothie Detox Factor,1, Hostwinds LLC.,United States,Apache
hacked by temp3 &#8211; Bandung6etar &#8211; אתר וורדפרס חדש,1, Amazon.com,Germany,Apache
HackeD By Desert Warriors,109, Total Server Solutions L.L.C.,United States,Apache (Debian)
.:: Hacked by Marvoloo ::.,1, InMotion Hosting,United States,Apache
Hacked by Group x3,1, Total Server Solutions L.L.C.,United States,Apache
Hacked by Error People Squad &#8211; Just another WordPress site,11, Choopa |  LLC,Singapore,Apache
Hacked By CyberCrimeTeam,1, Corporate Colocation,United States,Apache
Hacked By Gse7en,1, Pemerintah Provinsi Papua,Indonesia,Apache
Hacked By Si-ck_15!,1, Hostway Corporation,United States,Microsoft-IIS/7.0
Hacked By ./BarBarKing,3, Amazon.com,United Kingdom,Apache
Hacked By Sxnz,1, Dedibox SAS,France,Apache (Debian)
Hacked By Mirei07,1, PT DES Teknologi Informasi,Indonesia,Apache
HACKED BY ZORKAN &#8211; HACKED BY ZORKAN,1, Unified Layer,United States,Apache
Hacked by Attacker Gaza,9, SonderCloud Limited,Hong Kong,nginx
+ADw-/title+AD4-HaCKeD By Hijikata 7rB+ADw-DIV style+AD0AIg-DISPLAY: none+ACIAPgA8-xmp+AD4-,1, PrivateSystems Networks,United States,Apache
Hacked by VenoRyan,5, Amazon.com,Ireland,Apache
Hacked By Goodzilam | Guardiran Security Team,1, Neomedia,Italy,Apache (Unix)
Hacked By PhantomGhost,2, Unified Layer,United States,nginx
HaCked By mrjOj aLjnOb .,2, GoDaddy.com |  LLC,United States,Apache
Hacked By Mloki,2, Amazon.com,South Korea,Apache (Ubuntu)
Hacked by Medo,1, Locaweb Servicos de Internet S/A,Brazil,Apache
hacked by temp3 | Kolejna witryna oparta na WordPressie,1, home.pl S.A.,Poland,IdeaWebServer/0.83.491
hacked by temp3 &#8211; Bandung6etar &#8211; Just another WordPress site,10, None,France,Apache (centos)
Hacked by Dead Haxor &gt;&gt; &lt;&lt;,8, Internet Vikings International AB,Sweden,Apache
Hacked by Babacang07 ft Rajwa,1, Google Cloud,United States,Apache
My Site | Hacked By n4h1d from CyBER-71,1, Hostwinds LLC.,United States,Apache
---==[|HACKED BY Soldier-only|]==---,1, Wildcard UK Limited,United Kingdom,Apache
Hacked By RedHat,1, Voxility LLP,Romania,Apache
Hacked By Sasuke,1, Bach Kim Network solutions Join stock company,Vietnam,Apache
Hacked By Hacker Galau {ZSec},1, Iomart Cloud Services Limited,United Kingdom,Apache
Hacked By UNANGGANS,1, Tencent cloud computing,China,nginx
hacked by XnonGermx,29, OVH SAS,France,Apache
Hacked By IpXGans,1, Amazon.com,United States,Apache (Ubuntu)
hacked by ali afee - A home renovation blog.,2, Unified Layer,United States,Apache
hacked By ndah1337 Ft Mr Cakil,11, Amazon.com,United States,Apache
| [ Hacked By 'Gr0m   ] |,1, Jsc credo-telecom,Russia,Apache
Hacked By Mrcakil &#8211; Just another WordPress site,15, Amazon.com,United States,Apache
Hacked by P3TRUK,3, OVH SAS,France,Apache (Ubuntu)
Hacked By T-Freak,1, PDR,India,nginx
hacked by a2stro,1, Linode,United States,nginx
Hacked By Zx'Phoenix,22, Amazon.com,United States,Apache
Hacked By Adit Arlos,1, PDR,India,nginx
Hacked By Ghost louay,1, Interserver,United States,Apache
Welcome to hacked by mrcakil | hacked by mrcakil,3, Amazon.com,Ireland,Apache (Debian)
Hacked by MU6N1,3, Biznet Networks,Indonesia,Apache (CentOS)
Hacked By Arjun - Nata,1, PT Telkom Indonesia,Indonesia,Apache (Win32)
Hacked By ./Mr3B0Ks,1, Host Europe GmbH,Netherlands,Apache
Hacked By MR.GREEN &#8211; 又一个WordPress站点,1, Alibaba,United States,nginx
Hacked by C0RT3X,1, pair Networks,United States,Apache
Hacked by people_hurt,1, Unified Layer,United States,Apache
HACKED by DEDSEC,3, IT7 Networks,United States,nginx
Hacked By Rooted Syntax,3, Amazon.com,Japan,Apache (Amazon)
Hacked By ErrorPeopleSquad,4, Amazon.com,United States,nginx
Hacked By Sipahiler,2, Gridhost,South Africa,Microsoft-IIS/6.0
Hacked by Jax_BCD | 407 Authentic Exploit,1, IDC Frontier,Japan,Apache
Hacked by Mr.Rm19,1, OVH Hosting,Singapore,Nginx Server
HacKeD By ./Alarg53,1, O.m.c. Computers & Communications Ltd,Israel,Apache
Access denied | Hacked by X-5L0W@Bandung Blackhat,2, Amazon.com,United States,Apache
Hacked By BaSeL NaSeR,2, OVH SAS,France,Apache (CentOS)
Hacked by ./REY,1, Universitas Negeri Medan,Indonesia,Apache
hacked by antiarab,1, Hangzhou Alibaba Advertising Co. | Ltd.,China,Apache (CentOS)
Hacked by Mr.Z | Cowok Tersakiti Team,3, PDR,India,Apache
Hacked By kab-team,1, Maria Curie-Sklodowska University,Poland,Apache
Hacked By Shade,2, 1&1 Internet AG,Spain,nginx
hacked by NezQ1,1, Hangzhou Alibaba Advertising Co. | Ltd.,China,Apache
Hacked By DarkOct02 &#8211; Just another WordPress site,9, Amazon.com,Singapore,nginx
Hacked by Katib | SpyHackerz.Org &#8211; Free Done For you Websites,1, Liquid Web |  L.L.C,United States,Apache
Hacked By Mr.D4rk Devil &#8211; fb.com/mr.d4rkdevil,1, Chrominance SRL,Romania,Apache
Hacked By 0x1997,1, Hostwinds LLC.,United States,Apache
Hacked by RooT HaXor,1, Sprintel s.r.o.,Czechia,Apache
Hacked By 0x1337,1, pair Networks,United States,Apache
HaCkEd By BoOGz,1, Contabo GmbH,Germany,Apache
Hacked By Xai Syndicate,1, Unified Layer,United States,Apache
Hacked By Ghost Tim Security Army Hackers,2, home.pl S.A.,Poland,IdeaWebServer/0.83.491
HaCked By Junaid 1337 | XH4Y4N_87 | F4H4D HUNT3R | $_тнє_ρя0_$ |,1, PDR,India,nginx
Hacked By Grey Hat Pakistan,1, Host1Plus,United States,LiteSpeed
Hacked by MrAxxCT,2, Digital Ocean,United States,Apache (Ubuntu)
Hacked By ./xerx7,1, Tencent cloud computing,China,nginx
+ADw-/title+AD4-HackeD By Aghiles Ip+ADw-DIV style+AD0AIg-DISPLAY: none+ACIAPgA8-xmp+AD4- Coopération pour un renouveau séjour touristique,2, Hostwinds LLC.,United States,Apache
Hacked By GHoST61,1, OVH SAS,France,Apache
Hacked By Aliyrmxa x PikunPe0ple,1, PT Suraloka Digital Kreatif,Indonesia,LiteSpeed
Hacked By Suliman-Hacker,2, Pumo Network Digital Technology Co. | ltd,Taiwan,Apache (CentOS)
Hacked By Siyah Muhafiz,1, Handy Networks |  LLC,United States
Hacked by Psyco666hosT,1, GoDaddy.com |  LLC,United States,Apache
Hacked By Mr.QLQ,1, home.pl S.A.,Poland,IdeaWebServer/0.83.491
Hacked By Ahmed 01 | Sabor de Natureza,1, GoDaddy.com |  LLC,United States,Apache
Hacked By Mr.Ms13,1, SingleHop LLC,United States,None
Hacked by Society Squad,1, Unified Layer,United States,nginx
Hacked By Intan,1, Liberty Global,Czechia,Apache (Ubuntu)
Hacked By SLNTAR,1, Tencent cloud computing,China,Apache (CentOS)
Hacked by ./Dal0vez404,1, Digital Ocean,United States,Apache
Hacked By Karrar Salah,1, Host1Plus,United States,LiteSpeed
Hacked By MR.GREEN &#8211; Just another WordPress site,20, Unified Layer,United States,Apache
Hacked By Yıldız Siber Teşkilat,1, A2 Hosting,United States,Apache (cPanel)
Hacked by Team_CC | H1d3n Root was here - Hacked by Team_CC | H1d3n Root was here,1, AT&T Services,United States,Apache
.:: Hacked By MD15 ::.,1, Unified Layer,United States,Apache
Hacked by El Moujahidin,1, A2 Hosting,United States,Apache
Hacked By MAD TIGER &#8211; Just another WordPress site,1, Codero,United States,Apache (CentOS)
Hacked by Katib | SpyHackerz.Org | Tranportation Software,1, Amazon.com,United States,Apache
Hacked by Diablo.Dz  &#8211; Hacked by Diablo.Dz,1, OVH SAS,Canada,Apache
Hacked by Dayat-See7,1, PDR,United Arab Emirates,nginx
Hacked By Joker,1, Tencent cloud computing,China,nginx
hacked by jatim4u &#8211; Just another WordPress site,1, SherWeb,Canada,nginx
Hacked By Black Joker,2, OVH SAS,Canada,nginx
Hacked By M A N D R A &#8211; fb.com/xXxManDraxXx &lt;div style=&quot;overflow:hidden;height:1px;&quot;&gt;&lt;a href=&quot;https://morechillipokie.com/all-games/&quot;&gt;best slots&lt;/a&gt;&lt;/div&gt;,1, Unified Layer,United States,Apache
Hacked by PhantomGhost,1, Google Cloud,United States,nginx
Hacked By SecurityBus,2, Unified Layer,United States,nginx
Hacked by TeaM_CC &#8211; Just another WordPress site,3, HIVELOCITY,United States,nginx
Hacked by Sasuke,2, OVH SAS,Canada,Apache
hacked by ./Coco,1, OVH SAS,France,Apache
Hacked By Mr.Ghost,1, CoreSpace,United States,Apache
Hacked By Asakir,1, Continental Broadband Pennsylvania,United States,Apache
Hacked By HEx,1, UK Dedicated Servers Limited,United Kingdom,Apache
Hacked By ESRA72_,1, Orange COUNTY ONLINE,United States,nginx
Hacked By VenoRyan,6, Amazon.com,Ireland,Apache
Hacked By Fighter Kamrul &#8211; Otro sitio realizado con WordPress,1, Unified Layer,United States,Apache
Hacked by suliman hacker -,1, Steadfast,United States,Apache
Hacked By Noniod7,1, Level 3 Communications,United States,Apache
Hacked by TeaM System Dz,1, Go-daddy-com-llc,United States,nginx
Hacked by ME &#8211; Soluções Simples e Funcionais,1, Digital Ocean,United States,Apache (Ubuntu)
Hacked by Ne0-h4ck3r,4, None,Canada,Apache
hacked by mr.croot,5, Verizon Fios Business,United States,Apache
Hacked By ./Xi4u7 — Hacked By ./Xi4u7,1, Unified Layer,United States,Apache
Hacked by 70P-H4CK3R,1, home.pl S.A.,Poland,IdeaWebServer/0.83.491
HACKED BY&nbsp; ViRusx.EL,1, MKQ Internetservice,Austria,Apache (Debian)
Hacked by Y0ung,1, Amazon.com,United States,Apache (Ubuntu)
Hacked By Red-z1,1, Unified Layer,United States,Apache
HACKED by TheZero,1, Itns Global Eood,Bulgaria,Apache (Ubuntu)
Hacked By Anonymous,2, Unified Layer,United States,Apache
Hacked by BabyMoon,1, InMotion Hosting,United States,Apache
Hacked by Weichafes Crú,1, Hetzner Online GmbH,Germany,Apache (Ubuntu)
-:Hacked By King ����:-,1, Cloudie Limited,Hong Kong,nginx
Hacked by Katib | Turkish Hacker &#8211; ProGame Калининград,1, Midion LLC,Netherlands,nginx
Hacked By MR.GREEN &#8211; Otro sitio realizado con WordPress,1, sw hosting & communications technologies SL,Spain,Apache (Unix)
Hacked By Mr.TenAr,1, Hetzner Online GmbH,Germany,Apache
Hacked by ./KeyzNet | 407 Authentic Exploit,1, GoDaddy.com |  LLC,United States,Apache
Hacked by ./Traccert,1, Cogent Communications,United States,Apache (Ubuntu)
hacked by SeVeRuS,1, Amazon.com,United States,Apache (Amazon)
Yoga Training | Sydney Australia | YogaCoach – Hacked by 4Ri3 60ndr0n9,1, Continental Broadband Pennsylvania,United States,Apache
Hacked by Black Mamba,3, OVH SAS,Canada,Apache
Hacked By RootAyyıldız,1, Unified Layer,United States,Apache
Hacked by HiLLs | Hacked by HiLLs,2, Aysima Bilisim Teknolojileri Erhan Mahmut,Turkey,LiteSpeed
Hacked By Xtremee killar aka Seckiller,2, Continental Broadband Pennsylvania,United States,Apache
Hacked By Hades ITA,1, eStruxture Data Centers,Canada,Apache
hacked by dicka,1, SAKURA Internet,Japan,nginx
Hacked By DikXploit,1, Unified Layer,United States,Apache
Hacked By GHOST HACKERS TEAM,1, Steadfast,United States,Apache
Hacked By Ba3la,1, Liquid Web |  L.L.C,United States,Apache
hacked by temp3 &#8211; bandung6etar &#8211; Just another WordPress site,5, Amazon.com,Japan,Apache
Hacked By Dr.ViP,1, Alibaba,Hong Kong,Microsoft-IIS/7.5
Hacked by: Anti-armenia Team | Anti-armenia.ORG | Anti-armenia.COM | Anti-armenia.BIZ | Anti-armenia.INFO | Anti-armenia.NET,1, Linode,Germany,Apache (CentOS)
Hacked By Fighter Kamrul &#8211; Just another WordPress site,1, UpCloud Ltd,Finland,Apache (Ubuntu)
Hacked By MR.W4NT3K,7, PT Telkom Indonesia,Indonesia,Apache (Win32)
Hacked by Katib | SpyHackerz.Org | ویزا |  اقامت و مهاجرت تحصیلی و شغلی,1, Hetzner Online GmbH,Germany,Apache
Hacked By  * LulzSecurity Universal *,1, ServersAustralia,Australia,Apache (CentOS)
Hacked By 1337 h@x0r &#8211; Hacked By 1337 h@x0r,1, CoreSpace,United States,Apache
|Hacked by Ali Afee,1, SEEWEB s.r.l.,Italy,Apache
Hacked By ./0xpl01t3r,3, Flexential,United States,Apache
Hacked By AnonymousFox,5, QuadraNet,United States,Apache
hacked by sami fakhfakh s-man hacker,1, Unified Layer,United States,Apache
HaCKeD  By KaRaNLiK oRDu SunaR..| İnternational Force,1, Hangzhou Alibaba Advertising Co. | Ltd.,China,nginx
Hacked By Darkdays Azerbeycan Harekati,1, Hetzner Online GmbH,Germany,nginx
Hacked by TheWayEnd,3, QuadraNet,United States,Apache
Hacked By Turkz.org,1, Google Cloud,Indonesia,Apache
Hacked by Katib | SpyHackerz.Org,3, CoreSpace,United States,Apache
Hacked by KaTib | TR Hacker,1, Locaweb Servicos de Internet S/A,Brazil,nginx
Hacked By Baytar,2, Netmagic Datacenter Mumbai,India,Apache
Hacked by Xx_Th3Cr4ck3r_xX,1, home.pl S.A.,Poland,IdeaWebServer/0.83.491
Hacked by ./WagWoord-406,1, Telnet Communication Limited Network and Transit S,Bangladesh,Apache (Ubuntu)
HackeD By TiGER-M@TE,1, InMotion Hosting,United States,Apache
Hacked By Hadesh,1, Amazon.com,United States,Apache (Ubuntu)
Hacked By Dayat-See7,1, Digital Ocean,United States,Apache (Ubuntu)
Hacked By Bl@ck_Terror From TeaM_CC,1, CANACA,Canada,Apache (cPanel)
Hacked By LastC0de | SpyHackerZ.com,1, Liquid Web |  L.L.C,United States,Apache (Unix)
Hacked By Imoute7 Feat FarelX17,1, Amazon.com,Singapore,Apache (Ubuntu)
Hacked By ./WagWoord-406,6, Amazon.com,United States,Apache (Ubuntu)
# Hacked By-TR0XIT ~,1, GoDaddy.com |  LLC,United States,Apache
Hacked by Ma3sTr0-Dz,1, CSC Administrative Services Limited,United Kingdom,Apache (Unix)  (Red-Hat/Linux)
Hacked by NamiSec,1, Unified Layer,United States,Apache
Hacked By rX,1, Reliablehosting.com,United States,Apache
Hacked by Ajob Pola,1, Tencent cloud computing,China,Apache
HaCkeD By X CoDe PS,1, Logosoft,Bosnia and Herzegovina,Apache (Win64)
Hacked by Sir Dede,1, Unified Layer,United States,Apache
HACKED BY MOSLEM &#8211; Just another WordPress site,1, DigitalOcean,Singapore,Apache (Ubuntu)
Hacked by suliman_hacker &#8211; Loving the dream&#8230;,1, Hostwinds LLC.,United States,Apache
&#1203;&#824;&#1202;&#824;&#1203; HACKED BY Cherif Hadria Mohamed Riane &#1203;&#824;&#1202;&#824;&#1203;,11, PlusServer GmbH,Germany,Apache (Debian)
Hacked By Yuba,3, Zitcom A/S,Denmark,LiteSpeed
Hacked By #R47UC!NT4,1, Unified Layer,United States,nginx
Hacked by s0xciety &#8211; Just another WordPress site,9, Amazon.com,United States,Apache
Hacked by Anonjocker,4, Continental Broadband Pennsylvania,United States,Apache (Unix)
Hacked By M4DI~UciH4,1, Namecheap,United States,Apache
Hacked By Mrcakil &#8211; 又一个WordPress站点,1, Tencent cloud computing,China,nginx
Hacked By DzGov.pHtml,1, CTS Computers and Telecommunications Systems SAS,France
Hacked By ./LahBodoAmat | XploitSec-ID,1, IHNetworks |  LLC,United States,Apache
This Hacked By ICTUS T E A M,1, Liquid Web |  L.L.C,United States,Apache (cPanel)
hacked by BALA SNIPER,3, Amazon.com,United States,Apache (Ubuntu)
Hacked by Katib | SpyHackerz.Org &#8211; Providing Opportunities for Leadership Growth and Success for Wyoming&#039;s FFA Members,1, Amazon.com,United States,nginx
Site under maintenance | HACKED BY SPARKYDZ,1, Consortium GARR,Italy,Apache (Debian)
HACKED BY T0M4S,1, NETRIX,France,Apache (Debian)
Hacked By ./Traccert,1, Amazon,United States,nginx
Hacked By Silahsiz Kuvvetler,1, 1&1 Internet AG,Germany,Apache
Hacked By./LilVal,1, Google Cloud,United States,LiteSpeed
Hacked By 4LF45T,1, Telefonica de Espana Static IP,Spain,Apache (Win32)
Hacked by Katib | SpyHackerz.Org | هرچیزی که برای خدمات ویزا و مهاجرت به آن نیاز دارید,1, Hetzner Online GmbH,Germany,Apache
Hacked by Katib | SpyHackerz.Org | همه چیز در مورد ویزا و اقامت,1, Hetzner Online GmbH,Germany,Apache
Sudah Jelas Pak? || Hacked by MrKrT58x ft Darkness,1, PT Telkom Indonesia,Indonesia,Apache (Win64)
Hacked By Xwizx404 | Hackers Indonesia,1, Skyline Semesta |  PT,Indonesia,Apache (Win32)
Hacked By -tr0jAn* | Just another WordPress site,1, Sonoma Interconnect,United States,Apache (Unix)
Hacked by moroccan revolution  Gaza.exe,1, Tebyan-e-Noor Cultural-Artistic Institute,Iran,Microsoft-IIS/8.5
HacKeD by r00tkit,1, Acenet,United States,Apache
Hacked by Salim &#8211; Just another WordPress site,3, redservicio.net,Spain,Apache
Hacked by GX40,2, TM Net,Malaysia,Apache (Win32)
[ Hacked By UMCA ],1, Unified Layer,United States,Apache
Hacked By AnoaGhost | Indonesian Intelegent Security,2, pair Networks,United States,Apache
+ADw-/title+AD4-HackeD By Aghiles Ip+ADw-DIV style+AD0AIg-DISPLAY: none+ACIAPgA8-xmp+AD4- &#8211; Debora Dennis,1, Hostwinds LLC.,United States,Apache
Hacked by ./G1L4N6_ST86,2, Everdata Technologies Pvt,India,Apache
Hacked by Zero Cool,2, Netmagic Datacenter Mumbai,India,Apache (Red Hat)
Hacked by Katib | Turkish Hacker,2, Handy Networks |  LLC,United States,Apache
HACKED BY EL AREEKSILLA!,1, Amazon.com,United States,nginx
+ADw-/title+AD4-Hacked By FOXILITRIX EL+ADw-DIV style+AD0AIg-DISPLAY: none+ACIAPgA8-xmp+AD4-,1, Continental Broadband Pennsylvania,United States,Apache (cPanel)
Hacked By Gatra,1, PT Telkom Indonesia,Indonesia,Apache (Ubuntu)
HACKED BY MR.COMBET,3, SoftLayer Technologies,India,Apache
Hacked By Juba_Dz,1, GoDaddy.com |  LLC,United States,Apache
$ Hacked By El Behram $,1, GoDaddy.com |  LLC,United States,Apache
Hacked By CRAZYC0D3-ID,3, home.pl S.A.,Poland,IdeaWebServer/0.83.491
HACKED BY ABD3LOS_MA,1, Unified Layer,United States,Apache
Hacked by CapoO_TunisiAnoO,1, Partner Communications,Israel,Microsoft-IIS/6.0
->Hacked By Ulung Dot ID<-,2, Psychz Networks,United States,Apache
Hacked By mrGhost,1, Web Werks India Pvt.,India,nginx
Hacked by Dr. Demon ( Team_CC ) &#8211; Just another WordPress site,1, Unified Layer,United States,nginx
:: Hacked by budi_spielberg::,1, home.pl S.A.,Poland,IdeaWebServer/0.83.491
HACKED BY MASRAWY,1, Unified Layer,United States,Apache
HACKED BY FEXTOR,1, hd.net.nz,New Zealand,Apache (Ubuntu)
Hacked By Dark_Ghost,1, Locaweb Servicos de Internet S/A,Brazil,Apache
Hacked by R3V0,1, Korea Telecom,South Korea,Microsoft-IIS/5.0
Hacked by Aliester Crowley,1, PDR,India,nginx
Hacked by MeMo,1, Hostway Corporation,United States,Microsoft-IIS/7.0
Hacked By AnonJoker,1, GoDaddy.com |  LLC,United States,Apache
Hacked By ./CryMera,2, HostDime.com,United States,Apache
+ADw-/title+AD4-Hacked By Mister Spy +ACYAJg Souheyel.+ADw-DIV style+AD0AIg-DISPLAY: none+ACIAPgA8-xmp+AD4- &#8211; Trade Futures and Options |  Forex (FX) |  Gold |  Silver and Oil |  Commodities |  or Contracts For Difference (CFDs) |  with Berkeley Bahamas Limited on a choice of online trading platforms.,1, Continental Broadband Pennsylvania,United States,Apache (cPanel)
Hacked By Ro0T-MaFia,1, Netdirekt A.S.,Turkey,Apache
Hacked By Skilleur,2, Google,United States,Apache
Hacked By FALLAGA TN,1, Steadfast,United States,Apache
Hacked By 4min.x,1, InMotion Hosting,United States,Apache
Hacked! By M4ST3R,1, Input Output Flood LLC,United States,LiteSpeed
Hacked by Team_CC,1, InMotion Hosting,United States,Apache
Hacked by iBNuX,1, Digital Ocean,Singapore,Apache
Hacked by TeaM_CC :: 0x0 was here,1, SonderCloud Limited,Hong Kong,nginx
Hacked By ZeynnymouZ,2, MOJOHOST,United States,Apache
Hacked by Hitler El Maghiribi,2, GoDaddy.com |  LLC,United States,Apache (Unix)
Hacked by H3x0r 5h4d0w &#8211; Hacked by H3x0r 5h4d0w,1, Contabo GmbH,Germany,Apache (Ubuntu)
hacked by mrcakil &#8211; Just another WordPress site,1, Cogent Communications,Spain,Apache
Hacked by ./Mr3B0Ks,1, Unified Layer,United States,Apache
Hacked By Harley,1, Unified Layer,United States,Apache
Hacked By indofans,1, Unified Layer,United States,Apache
+ADw-/title+AD4APA-title+AD4-Hacked By pro0x3st+ADw-/title+AD4APA-DIV style+AD0AIg-DISPLAY: none+ACIAPgA8-xmp+AD4- &#8212; Master Hax,1, Continental Broadband Pennsylvania,United States,Apache
hacked by PsychoXploit,1, Hostinger International Limited,Cyprus,Apache (Unix)
Hacked By LightOfGod !!,1, Digital Ocean,Singapore,nginx
Hacked By: ./Riztrexx,1, Claro Peru,Peru,Apache
HaCked By ReKaN ErrOr,1, Liquid Web |  L.L.C,United States,Apache (Unix)
Hacked By El Moujahidin ./Nidal365_Dz,5, Amazon.com,Romania,Apache
Hacked By Zero Knight,1, Digital Ocean,United States,Apache (Ubuntu)
Hacked by ASWAJA007,1, pair Networks,United States,Apache
+ADw-/title+AD4-Hacked By Mister Spy +ACYAJg Souheyel.+ADw-DIV style+AD0AIg-DISPLAY: none+ACIAPgA8-xmp+AD4- - Get it before it&#039;s news,1, Continental Broadband Pennsylvania,United States,Apache (cPanel)
Hacked By Iheb TN & G'Asr'X !Fallaga Team!,2, OVH SAS,France,Apache
Hacked By MR./F4J4R,1, Namecheap,United States,Apache
Hacked by b0y-101,1, Unified Layer,United States,Apache
Hacked By Master Hax,1, Jump Management SRL,Romania,Apache (cPanel)
Hacked by 4Ri3 60ndr0n9 - Hacked by 4Ri3 60ndr0n9,1, Continental Broadband Pennsylvania,United States,Apache
Hacked By Darkname,1, Digital Ocean,United States,nginx
Hacked By UnM@SK &#8211; Just another WordPress site,1, Host Europe GmbH,France,Apache (Debian)
[=== HACKED BY MR PSYCHOTIC ==],1, JSC The First,Russia,nginx
HaCkEd By 5Lo0oDy HaCkEr,1, Coolhousing s.r.o.,Czechia,Apache (Debian)
HacKed by b3t@.Qu@rK,1, Digi Romania,Romania,lighttpd/1.4.53
Hacked By Neo,1, Digital Ocean,United States,nginx
~Hacked By D4rk L0rd~,1, 1&1 Internet AG,United States,Apache
Hacked By ReKaN ErrOr,1, 1&1 Internet AG,United Kingdom,nginx
.:Hacked By Turan:.,1, Rackspace Hosting,United States,Apache (CentOS)
Hacked by Owner Dzz,1, GoDaddy.com |  LLC,United States,Apache
hacked by mr.anderson,2, Unified Layer,United States,Apache
-Hacked by @BrazilObscure-,1, Continental Broadband Pennsylvania,United States,Apache
Hacked by MBET_X12 FT MR.W4NT3K,1, PT. Solo Jala Buana,Indonesia,Apache (Win32)
Hacked by Mr.G4L4XY_!D,1, Liquid Web |  L.L.C,United States,Apache (cPanel)
Hacked by #1237eam,1, Amazon.com,Singapore,Apache (Win32)
Hacked by Menkrep1337 | ./CCCP,1, TimeWeb Ltd.,Russia,nginx
HaCKeD By PoLoNia WwW.NeTSaW.OrG,1, DataWeb Global Group B.V.,United States,Apache (Unix)
+ADw-/title+AD4-Hacked By x-Shona+ADw-DIV style+AD0AIg-DISPLAY: none+ACIAPgA8-xmp+AD4- &#8211; My WordPress Blog,1, A Small Orange LLC,United States,nginx
+ADw-/title+AD4-Hacked By Hunter Bajwa+ADw-DIV style+AD0AIg-DISPLAY: none+ACIAPgA8-xmp+AD4- A blog about Business |  IP and IT law,1, OVH SAS,Canada,Apache
Hacked By /Rayzky_ X f0rgetC0d3,3, NITEX ISP s.r.o.,Czechia,Apache
Hacked By XnuiXiunX ft. Mr_Topeng,1, Digital Ocean,United States,nginx
|| HACKED BY xXGaardenXx ||,1, Contabo GmbH,Germany,Apache (Debian)
| [ Hacked By 'XKenshin.ID   ] |,1, Interserver,United States,LiteSpeed
Hacked By 1337 h@x0r | Hacked By 1337 h@x0r,1, CoreSpace,United States,Apache
Hacked By R0DD3CK,1, Digital Ocean,United States,Apache (Ubuntu)
Hacked by MR-ERROR-TOXIC,1, Amazon.com,Australia,Apache
Hacked By Mr.T0B1,2, Universitas Gadjah Mada,Indonesia,Apache (Ubuntu)
HACKED BY ./PENDIDIKAN BERKELAS,1, 1&1 Internet AG,United States,Apache
Hacked By Zeerx7 | XploitSec-ID,1, Wildcard UK Limited,United Kingdom,nginx
HaCked By ZeDaN-Mrx,5, Reliablehosting.com,United States,Apache
Hacked By Criminal BD,1, 4D Data Centres Limited,United States,Apache
Hacked By Atengg377,1, Linode,India,Apache
#Hacked BY Glng404,1, Hostinger International Limited,Netherlands,awex
!!! Hacked By ColdHackers !!!,1, Contabo GmbH,Germany,nginx
Hacked By Iranian Hackers,1, HostMySite,United States,Microsoft-IIS/7.5
Hacked By Mojtaba,1, Unified Layer,United States,Apache
Hacked by Mr MaTaDoR404,2, Shinjiru Technology Sdn Bhd,Malaysia,LiteSpeed
Hacked by ZeynnymouZ,1, MOJOHOST,United States,Apache
Hacked By Lascaux Cyber5ecurity,1, Clouditalia Telecomunicazioni S.p.A.,Italy,Apache (Ubuntu)
Hacked by Sp0d3rM4n,1, Digital Ocean,United States,Apache (Ubuntu)
Hacked By MalaikatHati,3, Taiwan Academic Network,Taiwan,Apache (Win32)
Hacked By Wongbodo,1, Unified Layer,United States,Apache
Hacked By HCN,1, Dedibox SAS,France,Apache
HACKED BY GOEMON &#8211; Just another WordPress site,1, SAKURA Internet,Japan,nginx
Hacked by Bocah Cyber,1, Viet Solutions Services Trading Company Limited,Vietnam,Apache
Hacked By Zer0day,1, Z.com,Thailand,Microsoft-IIS/10.0
HaCkeD By PrinCe Adnane,1, Unified Layer,United States,Apache
Hacked By Shazuro & Mafia,1, Unified Layer,United States,Apache (cPanel)
Hacked By Cyber_Ps,2, Unified Layer,United States,Apache
Hacked By Thr33x,1, Host Europe GmbH,Germany,Apache
YOU HAVE BEEN HACKED BY PL2K2,1, Beeline,Russia,nginx
Hacked by AzkaGans,1, GoDaddy.com |  LLC,United States,Apache
hacked by x-force cyber army,1, GoDaddy.com |  LLC,United States,Apache
+ADw-/title+AD4-HackeD By Aghiles Ip+ADw-DIV style+AD0AIg-DISPLAY: none+ACIAPgA8-xmp+AD4- | Anonymoux Was Here,1, Continental Broadband Pennsylvania,United States,Apache
HacKeD by @AnonKeyGen,1, Unified Layer,United States,Apache
Hacked By Elnur312 | DESTINY..........,1, Voxility LLP,Romania,Apache
Hacked By 411,2, BlazeNet,India,Apache (Win64)
Hacked By ./Mr.CR0N05,1, home.pl S.A.,Poland,IdeaWebServer/0.83.489
Hacked By ./Mad RooT,1, Unified Layer,United States,Apache
Hacked by Fighter Anas,1, Cruzio,United States,nginx
*-.. HaCkED By Hacker DevilHacker ..-*,1, Continental Broadband Pennsylvania,United States,Apache
---= Hacked By RMX team =---,2, Hostwinds LLC.,United States,LiteSpeed
Hacked by Dh4ndy,1, Digital Ocean,United States,Apache (Ubuntu)
Hacked by IMDAD AHMED,1, Pardazeshgar Ray Azma Co. Ltd.,Iran,Microsoft-IIS/10.0
Hacked by GuardIran Security Team,2, Microsoft Corporation,Netherlands,Apache (Ubuntu)
Hacked By Indonesian,1, PT. Cross Network Indonesia,Indonesia,Apache (Unix)
Hacked by ./Dr34Mer,1, Amazon.com,United States,Apache
HacKed By ./WOLF,3, Surfplanet GmbH,Germany,nginx
HACKED BY ANONYMOUS ARMENIA,2, GoDaddy.com |  LLC,United States,Microsoft-IIS/7.0
Hacked by ZeDaN-Mrx,1, ServersAustralia,Australia,Apache
Hacked by Fr13nds,1, Unified Layer,United States,Apache
hacked by fighter kamrul &#8211; Just another WordPress site,2, OVH SAS,France,Apache (Debian)
Hacked By RedHack [Kizil Hackerlar],1, Choopa |  LLC,Netherlands,Apache (Ubuntu)
Hacked By Bipin,1, GigaHostingServices OU,Poland,Apache (Ubuntu)
Hacked by mr.croot,1, Rumahweb Indonesia CV.,Indonesia,Apache
Hacked By SBDH,1, Stofa A/S,Denmark,Apache (Ubuntu)
Hacked By 3lectro From Team_CC &#8211; Just another WordPress site,1, GoDaddy.com |  LLC,United States,Apache
Hacked by Katib | Turkish Hacker | SpyHackerz.Org &mdash; Coming Soon,1, Unified Layer,United States,Apache
Hacked By Fallag GTX,1, Zayo Bandwidth,United States,Apache (EL)
Hacked by Ibna Noman - Hacked by Ibna Noman,1, Digital Ocean,United States,nginx
Hacked By Honor Lands,1, Flashcom Network Private Limited,India,Apache (Win32)
Hacked By Root,1, Nexeon Technologies,United States,Apache
Hacked By 3rr0r Hun73r | Hacked By 3rr0r Hun73r,1, Amazon.com,United States,Apache
&#1203;&#824;&#1202;&#824;&#1203; Hacked by Black Python &#1203;&#824;&#1202;&#824;&#1203;,1, Limestone Networks,United States,Microsoft-IIS/8.0
Hacked By xNot_RespondinGx,2, Digital Ocean,India,Apache (Ubuntu)
+ADw-/title+AD4-Hacked By Hawleri+AF8-hackerHacked By Hawleri+AF8-hackerHacked By Hawleri+AF8-hackerHacked By Hawleri+AF8-hackerHacked By Hawleri+AF8-hackerHacked By Hawleri+AF8-hackerHacked By Hawleri+AF8-hackerHacked By Hawleri+AF8-hackerHacked By Hawleri+AF8-hackerHacked By Hawleri+AF8-hackerHacked By Hawleri+AF8-hackerHacked By Hawleri+AF8-hackerHacked By Hawleri+AF8-hackerHacked By Hawleri+AF8-hackerHacked By Hawleri+AF8-hackerHacked By Hawleri+AF8-hackerHacked By Hawleri+AF8-hackerHacked By Hawleri+AF8-hackerHacked By Hawleri+AF8-hackerHacked By Hawleri+AF8-hackerHacked By Hawleri+AF8-hackerHacked By Hawleri+AF8-hackerHacked By Hawleri+AF8-hackerHacked By Hawleri+AF8-hackerHacked By Hawleri+AF8-hackerHacked By Hawleri+AF8-hackerHacked By Hawleri+AF8-hackerHacked By Hawleri+AF8-hackerHacked By Hawleri+AF8-hackerHacked By Hawleri+AF8-hackerHacked By Hawleri+AF8-hackerHacked By Hawleri+AF8-hackerHacked By Hawleri+AF8-hackerHacked By Hawleri+AF8-hackerHacked By Hawleri+AF8-hackerHacked By Hawleri+AF8-hackerHacked By Hawleri+AF8-hackerHacked By Hawleri+AF8-hackerHacked By Hawleri+AF8-hackerHacked By Hawleri+AF8-hackerHacked By Hawleri+AF8-hackerHacked By Hawleri+AF8-hackerHacked By Hawleri+AF8-hackerHacked By Hawleri+AF8-hackerHacked By Hawleri+AF8-hackerHacked By Hawleri+AF8-hackerHacked By Hawleri+AF8-hackerHacked By Hawleri+AF8-hackerHacked By Hawleri+AF8-hackerHacked By Hawleri+AF8-hackerHacked By Hawleri+AF8-hackerHacked By Hawleri+AF8-hackerHacked By Hawleri+AF8-hackerHacked By Hawleri+AF8-hackerHacked By Hawleri+AF8-hackerHacked By Hawleri+AF8-hackerHacked By Hawleri+AF8-hackerHacked By Hawleri+AF8-hackerHacked By Hawleri+AF8-hackerHacked By Hawleri+AF8-hackerHacked By Hawleri+AF8-hackerHacked By Hawleri+AF8-hackerHacked By Hawleri+AF8-hackerHacked By Hawleri+AF8-hackerHacked By Hawleri+AF8-hackerHacked By Hawleri+AF8-hackerHacked By Hawleri+AF8-hackerHacked By Hawleri+AF8-hackerHacked By Hawleri+AF8-hackerHacked By Hawleri+AF8-hackerHacked By Hawleri+AF8-hackerHacked By Hawleri+AF8-hackerHacked By Hawleri+AF8-hackerHacked By Hawleri+AF8-hackerHacked By Hawleri+AF8-hackerHacked By Hawleri+AF8-hackerHacked By Hawleri+AF8-hackerHacked By Hawleri+AF8-hackerHacked By Hawleri+AF8-hackerHacked By Hawleri+AF8-hackerHacked By Hawleri+AF8-hackerHacked By Hawleri+AF8-hackerHacked By Hawleri+AF8-hackerHacked By Hawleri+AF8-hackerHacked By Hawleri+AF8-hackerHacked By Hawleri+AF8-hackerHacked By Hawleri+AF8-hackerHacked By Hawleri+AF8-hackerHacked By Hawleri+AF8-hackerHacked By Hawleri+AF8-hackerHacked By Hawleri+AF8-hackerHacked By Hawleri+AF8-hackerHacked By Hawleri+AF8-hackerHacked By Hawleri+AF8-hackerHacked By Hawleri+AF8-hackerHacked By Hawleri+AF8-hackerHacked By Hawleri+AF8-hackerHacked By Hawleri+AF8-hackerHacked By Hawleri+AF8-hackerHacked By Hawleri+AF8-hackerHacked By Hawleri+AF8-hackerHacked By Hawleri+AF8-hackerHacked By Hawleri+AF8-hackerHacked By Hawleri+AF8-hackerHacked By Hawleri+AF8-hackerHacked By Hawleri+AF8-hackerHacked By Hawleri+AF8-hackerHacked By Hawleri+AF8-hackerHacked By Hawleri+AF8-hackerHacked By Hawleri+AF8-hackerHacked By Hawleri+AF8-hackerHacked By Hawleri+AF8-hackerHacked By Hawleri+AF8-hackerHacked By Hawleri+AF8-hackerHacked By Hawleri+AF8-hackerHacked By Hawleri+AF8-hackerHacked By Hawleri+AF8-hackerHacked By Hawleri+AF8-hackerHacked By Hawleri+AF8-hackerHacked By Hawleri+AF8-hackerHacked By Hawleri+AF8-hackerHacked By Hawleri+AF8-hackerHacked By Hawleri+AF8-hackerHacked By Hawleri+AF8-hackerHacked By Hawleri+AF8-hackerHacked By Hawleri+AF8-hackerHacked By Hawleri+AF8-hackerHacked By Hawleri+AF8-hackerHacked By Hawleri+AF8-hackerHacked By Hawleri+AF8-hackerHacked By Hawleri+AF8-hackerHacked By Hawleri+AF8-hackerHacked By Hawleri+AF8-hackerHacked By Hawleri+AF8-hackerHacked By Hawleri+AF8-hackerHacked By Hawleri+AF8-hackerHacked By Hawleri+AF8-hackerHacked By Hawleri+AF8-hackerHacked By Hawleri+AF8-hackerHacked By Hawleri+AF8-hackerHacked By Hawleri+AF8-hackerHacked By Hawleri+AF8-hackerHacked By Hawleri+AF8-hackerHacked By Hawleri+AF8-hackerHacked By Hawleri+AF8-hackerHacked By Hawleri+AF8-hackerHacked By Hawleri+AF8-hackerHacked By Hawleri+AF8-hackerHacked By Hawleri+AF8-hackerHacked By Hawleri+AF8-hackerHacked By Hawleri+AF8-hackerHacked By Hawleri+AF8-hackerHacked By Hawleri+AF8-hackerHacked By Hawleri+AF8-hackerHacked By Hawleri+AF8-hackerHacked By Hawleri+AF8-hackerHacked By Hawleri+AF8-hackerHacked By Hawleri+AF8-hackerHacked By Hawleri+AF8-hackerHacked By Hawleri+AF8-hackerHacked By Hawleri+AF8-hackerHacked By Hawleri+AF8-hackerHacked By Hawleri+AF8-hackerHacked By Hawleri+AF8-hackerHacked By Hawleri+AF8-hackerHacked By Hawleri+AF8-hacker+ADw-DIV style+AD0AIg-DISPLAY: none+ACIAPgA8-xmp+AD4- | Key-license,1, Continental Broadband Pennsylvania,United States,Apache
Hacked by Babacang07,9, Amazon.com,South Korea,Apache
Hacked By ./B0C1L Gans Feat ./DR49GON26,1, Amazon.com,United States,Apache (Ubuntu)
Hacked by SHahDokht,1, Amazon.com,United States,None
Hacked by GUNDALA - Indonesian Hacker,1, Sparklight,United States,Apache (Win32)
Hacked By Explo!T3r,1, GoDaddy.com |  LLC,United States,Apache
Hacked By AnonGhost,1, Hetzner Online GmbH,Germany,nginx
HACKED BY ESTHER BEY ANT &#8211; HACKED BY ESTHER BEY ANT,1, OVH SAS,France,Apache
Hacked By Iam Hello,1, Unified Layer,United States,Apache
Hacked by Mr.D4rk Devil &#8211; Stay home Stay Safe,1, Microsoft Corporation,Netherlands,nginx
HacKed By ./lakarha23,1, Telekom Slovenije,Slovenia,Apache (Win32)
HaCkED BY ViRusx.EL,2, MKQ Internetservice,Austria,Apache (Debian)
Hacked by Tu4n Private 404,7, Amazon.com,United States,Apache
hacked by ROBH,1, Google Cloud,United States,nginx
Hacked By Mr.ToKeiChun69,1, Unified Layer,United States,Apache
Hacked by anazon,1, Paragon Internet Group Limited,United Kingdom,Microsoft-IIS/8.5
Hacked By Spr4chlos,1, GoDaddy.com |  LLC,United States,Apache
HackeD By S_ID99 | Just another WordPress site,2, Unified Layer,United States,Apache
Hacked by JaxBCD | 407 Authentic Exploit | Security Get Down | Amateur Security !!,1, Domain names registrar REG.RU |  Ltd,Russia,nginx
HACKED BY GERMY X-FORTY | Ambarawa Cyber Army,1, Biznet Networks,Indonesia,Apache (Win32)
Hacked By VandaTheGod,1, Comcast Business,United States,Microsoft-IIS/10.0
Hacked by Mowgli,1, WholeSale Internet,United States,Apache
Hacked By MR.GREEN &#8211; En nog een WordPress site,1, Digital Ocean,Netherlands,nginx
- Hacked By Adi_xLee -,1, China Unicom Guangdong,China,Apache (Win64)
Hacked by $!M0Ezz,1, Clouditalia Telecomunicazioni S.p.A.,Italy,Microsoft-IIS/6.0
~[+]~ Hacked By KingSam ~[+]~,1, Unified Layer,United States,Apache
Hacked By FakhriGanz,1, Biznet Networks,Indonesia,Apache (Win32)
Hacked By Ahmed 01,3, GoDaddy.com |  LLC,United States,Apache
Karabakh is Azerbaijan! | Hacked By Karabakh Hacking Team,1, IP Volume inc,Netherlands,nginx
Hacked by PhantomSec1337,3, Amazon.com,South Korea,Apache
HACKED BY MrP4r4d0x,1, Reliablehosting.com,United States,Apache
Hacked By BrownStarTeam !,1, SH-Network,Turkey,Apache (Ubuntu)
Hacked by Team_CC  ::MEGLA AKASH IS HERE::,1, Unified Layer,United States,Apache
Hacked by Lunatic0de,1, SAKURA Internet,Japan,Apache (cPanel)
Hacked by ExLinee ~,2, Dedibox SAS,France,Apache (Debian)
Hacked By KkK1337,1, Handy Networks |  LLC,United States,Apache
Hacked By D704T,1, Univision,Mongolia,Apache (Win32)
Hacked By JavaGhost,1, Hostwinds LLC.,United States,LiteSpeed
Hacked By 0x1999 &#8211; Indonesian Code Party &#8211; Jatim4u &#8211; Hacked By 0x1999 &#8211; Indonesian Code Party &#8211; Jatim4u,1, Z.com,Vietnam,Apache
Hacked by HiLLs &#8211; Hacked by HiLLs,1, Aysima Bilisim Teknolojileri Erhan Mahmut,Turkey,LiteSpeed
Hacked by ÖZCAN - MELİH NOYAN| Turkish Hacker | SİKİLDİNİZ :),1, Tencent cloud computing,China,nginx
Hacked By ./MungielL,1, CoreSpace,United States,Apache
Hacked By ./ExCaKun,1, Liquid Web |  L.L.C,United States,Apache (cPanel)
HACKED by WarLoCk,1, Hosting.cl,Chile,Apache (Ubuntu)
Hacked By ./X1Am,1, PT iForte Global Internet,Indonesia,Apache (Debian)
HACKED BY ROBMASTER,2, Deutsche Telekom AG,Germany,nginx
Hacked By zVertiXx,1, Amazon.com,Japan,Apache
HACKED BY: Div007,2, Amazon.com,Japan,Apache
HACKED BY GAZMEH12,1, 1&1 Internet AG,United States,Apache (Ubuntu)
Hacked By ./Bacotamat,1, Net4India,India,Apache (Unix)
Hacked By ShadowTeam,1, Partner Communications,Israel,Microsoft-IIS/6.0
Hacked By Moroccan Revolution,1, eNET,United States,Apache
hacked by nothing &#8211; Just another WordPress site,1, Amazon.com,United States,Apache (Debian)
hacked by The GreaT TeAm,1, Zitcom A/S,Denmark,LiteSpeed
Hacked by #theloserteam,3, Noor Data Networks,Egypt,Microsoft-IIS/7.5
Hacked By YusufBeyY,1, Microsoft Corporation,Netherlands,Apache (Debian)
Hacked By Abdellah Elmaghribi,1, Apyl,United States,Apache
HACKED BY TROJAN TN,5, Deutsche Telekom AG,Germany,nginx
Hacked by Anonymous Venezuela,1, Cantv,Venezuela,Apache (Debian)
Page not found | hacked by mrcakil,1, NEXTO SAS,France,Apache (CentOS)
Hacked By WebHan,1, DigitalOcean,Singapore,Apache (Ubuntu)
Hacked By Gr3y_D3v1l &#8211; Just another WordPress site,1, Amazon.com,United States,nginx
HACKED By ./xMank.4nj4y,1, CAT Telecom,Thailand,Apache (Ubuntu)
Hacked by XSH3L1,1, OvaNet |  a.s.,Czechia,Apache (Debian)
Hacked By Fr13nds Team,1, H88 S.A.,Poland,LiteSpeed
Hacked by Negat1ve,1, Universitas Negeri Surabaya,Indonesia,Apache (Ubuntu)
Hacked by b0yz_JbX,1, Spectrum Business,United States,IceWarp/4.1
SiTe Hacked bY xNot_RespondinGx | Fucked | Hacked | OwneD | Defaced | Pwnd!! By xNot_RespondinGx,1, pair Networks,United States,Apache
HACKED BY ./AMNM7,1, PT. Cyberindo Mega Persada,Indonesia,Apache
Hacked by Mr.4c1L Cr0tZz,1, New Dream Network |  LLC,United States,Apache
Hacked By Throvinus,1, None,United States,Apache (cPanel)
Hacked By KuRaLsZ,1, Amazon.com,Japan,Apache (Amazon)
Hacked By RuhsuzMan &#8211; Hacked By RuhsuzMan,1, Contabo GmbH,Germany,Apache
HACKED BY R-1GHT &#8211; @LL_YSF,1, Zinios Information Technology Pvt,India,Apache
hacked by jesse owens,1, Patron Technology Persia Ltd,United Kingdom,Apache (CentOS)
Hacked by Fiery,1, Uol Diveo S.A.,Brazil,Apache (Debian)
Hacked By prizeHdru,1, GoDaddy.com |  LLC,United States,Apache
Hacked By Anonghost720,1, Hostwinds LLC.,United States,Apache (Debian)
Page not found :: Hacked By Mr.XaaD,1, Continental Broadband Pennsylvania,United States,Apache (cPanel)
HaCkEd BY xxx_DhAoUi_xxx'./404,1, Comvive,Spain,nginx
Hacked By THIS IS ALPIN,1, Digital Ocean,Germany,Apache (Ubuntu)
Index - / (Hacked by Ricter49),1, IT7 Networks,United States,nginx
Hacked By Tn.Error404,2, PT. Java Digital Nusantara,Indonesia,Apache
Hacked By W3B H4X0R | W3B H4X0R was here...,1, Continental Broadband Pennsylvania,United States,Apache
.:: HaCkeD By BooMeranG ::.,1, Continental Broadband Pennsylvania,United States,Apache
Hacked By ./Mr.No Name_413,2, GoDaddy.com |  LLC,United States,Apache
!!! Hacked By Kurdish All Hackers ( ColdHackers &amp; RojavaHacakers &amp; MezopotamiaHack Team &amp; PKK Hack Team &amp; Ari Hack Team &amp; Med Team &amp; Aihan Mzure !!! !,1, Liquid Web |  L.L.C,United States,Apache
Hacked By Ajob Ekkhn Pola &#8211; Just another WordPress site,1, Unified Layer,United States,nginx
Hacked by KkK1337,1, Botswana Telecommunications Corporation,Botswana,Microsoft-IIS/6.0
Hacked By KingSkrupellos Cyberizm.Org Digital Security Technological Turkish Moslem Army,1, Interlink Technology |  PT,Indonesia,Apache (Unix)
Hacked by Kashif HaxOr,1, IHNetworks |  LLC,United States,Apache
Hacked by Black_X12 ft. ./Mr.Cakil,1, Amazon.com,United States,Apache
Hacked by L4NC34,1, Choopa |  LLC,Singapore,Apache (Debian)
Hacked by Mr.Foams,1, PT Telkom Indonesia,Indonesia,Apache (Win32)
Hacked By Riotz,1, PT Telkom Indonesia,Indonesia,Apache (Win32)
HACKED BY GÖKYÜZÜ!,1, HKDF,Hong Kong,nginx
Hacked By  AdGhosT,1, T-Mobile Czech Republic,Romania,LiteSpeed
Hacked By ./G1runsPunks - Hacked By ./G1runsPunks,1, Viet Storage Technology Joint Stock Company,Vietnam,nginx
Hacked By Santuy1337,1, Digital Ocean,United States,Apache (Ubuntu)
Hacked by star x ./G1runpunks,1, PT Telkom Indonesia,Indonesia,Apache
Hacked by RadicalHaxor - Family Attack Cyber,1, Universitas Sebelas Maret,Indonesia,Apache (CentOS)
Hacked By Bala Sniper,1, Orange Belgium,Belgium,uIP/1.0 http://www.sics.se/~adam/uip/
Hacked ? By MandangFisik001,1, MyRepublic ID,Indonesia,Apache (Win32)
Hacked by  Rel Guchi,1, MyRepublic ID,Indonesia,Apache (Win32)
Hacked By ./xNot_Found,1, Hangzhou Alibaba Advertising Co. | Ltd.,China,Apache (Win32)
Hacked By Cryptonic Haxori &#8211; Hacked By Cryptonic Haxori,1, Amazon.com,Germany,Apache (Ubuntu)
Hacked By AhmadBlocker,1, Frontline Communications,United States,Microsoft-IIS/7.5
Hacked By p0r7s,3, Crocker Communications,United States,Apache
Hacked By proxy | Guardiran Security Team,2, Tata Teleservices Limited,India,Apache (Win32)
Hacked By T1D4K D1K3N4L & Chu404,1, Dinas Perhubungan Kominfo Provinsi Sumatera Selata,Indonesia,Apache (Debian)
Hacked By Awkos,1, Fiber.CA,United States,Apache (centos)
Hacked by MrTieDie,1, Liquid Web |  L.L.C,United States,Apache (Unix)
Hacked By Mc'Sl0vv,1, Unified Layer,United States,Apache
Hacked by PsychoXploit,1, F1-Solutions Desenvolvimento para Web,Brazil,Apache (cPanel)
Hacked by Error People Squad | Kolejna witryna oparta na WordPressie,1, home.pl S.A.,Poland,IdeaWebServer/0.83.468
Hacked By CyberTeam,1, 3672-1581,Brazil,Apache (Debian)
Hacked By Unravel72,1, Government Data Center (DITT/MoIC),Bhutan,Apache (CentOS)
Hacked by s1l3nt-404,2, GoDaddy.com |  LLC,United States,Apache
+ADw-/title+AD4APA-title+AD4-hacked by king almafia+ADw-/title+AD4APA-DIV style+AD0AIg-DISPLAY: none+ACIAPgA8-xmp+AD4- &#8211; Bangalore&#039;s Best &amp; Original Biryani,1, OVH SAS,France,Apache
:: Hacked By V-Force ::,1, Telnet Worldwide,United States,Apache
Hacked By GarudaTeam,1, Linode,Singapore,Apache (centos)
None,434, A Small Orange LLC,United States,Apache (Unix)
Kanban 360 | Ferramenta de Produtividade,1, Linode,United States,Apache (Ubuntu)
HACKED,6, NTT,Japan,lighttpd/1.4.32
You have been hacked!,1, Amazon.com,France,Apache (Ubuntu)
.IndonesiaPeople!,1, Unified Layer,United States,nginx
Play with Docker,3, VIPRede Telecomunicacoes Ltda,Brazil,None
HP LaserJet P2055dn&nbsp;&nbsp;&nbsp;155.207.88.42,1, Aristotle University of Thessaloniki,Greece,Virata-EmWeb/R6_2_1
東吳大學物理學系,1, Taiwan Academic Network,Taiwan,Apache (Ubuntu)
MR RIOUS 01,1, 24 Shells,United States,LiteSpeed
Jewish Review of eCommerce |  Business and Marketing News,1, Hostwinds LLC.,United States,Apache
Own3d By 407 Authentic Exploit,6, Nazwa.pl Sp.z.o.o.,Poland,Apache (Debian)
Sleep!,1, Google Cloud,United States,Apache (Ubuntu)
HaLilkAra,1, Birbir Internet Hizmetleri,Turkey,LiteSpeed
DPR FucKY YOuU,1, Dinas Komunikasi dan Informatika Kabupaten Semaran,Indonesia,Apache
FinestHosts.Com - Hosting Directory & Resource,2, TierPoint |  LLC,United States,nginx
HP LaserJet P2055dn&nbsp;&nbsp;&nbsp;152.14.115.116,1, North Carolina Research and Education Network,United States,Virata-EmWeb/R6_2_1
index,1, home.pl S.A.,Poland,IdeaWebServer/0.83.491
Ownd?,1, OVH SAS,France,nginx
Hacked VenoRyan,8, Amazon.com,France,Apache (Ubuntu)
..:[ Security Is Down ]:..,1, Comcast Business,United States,Apache (Win32)
Cyb3R Sw0rD,1, Media Temple,United States,Apache
Inizio pagina - MX-M754N,1, Consortium GARR,Italy,Rapid Logic/1.1
,7, OVH SAS,France,Apache (Debian)
h4Ck3d 6y h4Ck3r!,3, Comcast Cable,Canada,Apache (Ubuntu)
United Islamic Cyber Force,1, anyNode,United States,Apache
CZFree.Net Duch,1, Non-profit organization Jablonka.cz,Czechia,Apache (CentOS)
Pocono Sign Company | Channel Letters |  LED |  Illuminated and Non-illuminated Sign Cabinets,1, Flexential,United States,Apache
HP LaserJet Professional M1212nf MFP&nbsp;&nbsp;&nbsp;121.181.22.214,1, Korea Telecom,South Korea,Mrvl-R1_0
P. I. SUPPORT - wspieramy zarządzanie firmą - AKTUALNOŚCI,1, CETI s.c.,Poland,Apache
QuantumShare,1, Amazon.com,United States,None
HP LaserJet Professional M1212nf MFP&nbsp;&nbsp;&nbsp;193.68.20.13,1, Digital Systems Ltd,Bulgaria,$ProjectRevision: 5.0.1.23 $
&#1203;&#824;&#1202;&#824;&#1203; G0tz Hijack &#1203;&#824;&#1202;&#824;&#1203;,1, Amazon.com,Ireland,Apache (Amazon)
Error 404,2, GoDaddy.com |  LLC,United States,Apache
COS Heidelberg,4, BelWue University Network,Germany,Apache (Ubuntu)
rrerrNet Mumble,1, Amazon.com,Germany,nginx
HACK3D,1, CloudVPS,Netherlands,Apache
HP LaserJet Professional M1212nf MFP&nbsp;&nbsp;&nbsp;137.82.54.19,1, University of British Columbia,Canada,Mrvl-R1_0
hacked?,1, PT DES Teknologi Informasi,Indonesia,Apache (Debian)
HP LaserJet P2055x&nbsp;&nbsp;&nbsp;163.20.7.23,1, Taiwan Academic Network,Taiwan,Virata-EmWeb/R6_2_1
Kiss By ./KiraGans,1, Unified Layer,United States,nginx
#JerusalemCapitalPalestine,1, Unified Layer,United States,Apache
HP LaserJet Professional M1212nf MFP&nbsp;&nbsp;&nbsp;78.96.99.186,1, Liberty Global,Romania,Mrvl-R1_0
Pwndz? ~Kowalskyi,1, Liquid Web |  L.L.C,United States,Apache
HP LaserJet Professional M1212nf MFP&nbsp;&nbsp;&nbsp;137.82.92.22,1, University of British Columbia,Canada,Mrvl-R1_0
Serial I-Tech - Home,1, StarHub,Singapore,None
./G1L4N6_ST86,1, Digital Ocean,United States,Apache
Back :O ??,1, Multnomah Education Service District,United States,Apache (Unix)
Sample Deployment,4, Amazon.com,United States,Apache (Amazon)
Pwn3d by 407 Authentic Exploit,2, Amazon.com,United States,Apache (Ubuntu)
Welcome to RCModelHelis.com!,2, Enzu,United States,Apache (Debian)
QueryRi,1, GoDaddy.com |  LLC,United States,Apache
HP LaserJet Professional M1212nf MFP&nbsp;&nbsp;&nbsp;70.169.42.169,1, Cox Business,United States,Mrvl-R1_0
./Greeting's World!!!,1, Exa Bytes Network Sdn.Bhd.,Malaysia,Apache
VenoRyan | Isekai Xploit,1, PDR,India,Apache
<<==YouGotHacked==>>,1, Liquid Web |  L.L.C,United States,Apache
AYYILDIZ TIM | Sessizce Nöbetteyiz!,3, JSC The First,Russia,nginx
./Revenger404'Gans :'),1, home.pl S.A.,Poland,IdeaWebServer/0.83.491
0wn3d by phobia}{ploit,1, PDR,India,nginx
تم الاختراق من قبل تركي هكر,1, Liquid Web |  L.L.C,United States,Apache (Unix)
.::: MR.B0L4N999 :::.,1, G-Core Labs S.A.,Spain,Apache
HP LaserJet Professional M1212nf MFP&nbsp;&nbsp;&nbsp;192.168.1.161,1, Comcast Cable,United States,Mrvl-R1_0
HP LaserJet P2055dn&nbsp;&nbsp;&nbsp;192.168.1.241,1, Claro El Salvador,El Salvador,Virata-EmWeb/R6_2_1
HELLO!,1, RamNode LLC,United States,Apache (Fedora)
�stav s�dneho in�inierstva |  �ilina,2, Zdruzenie pouzivatelov Slovenskej akademickej dato,Slovakia,Apache (Debian)
PAKISTAN ZINDABAD,2, Domain names registrar REG.RU |  Ltd,Russia,nginx
Bahamas Aircraft Charter Service Executive Air Charters,1, None,United States,Apache (cPanel)
Owned by Mr.Kro0oz.305,2, Unified Layer,United States,Apache
HP &raquo; Stato periferica,1, Consortium GARR,Italy,HP_Compact_Server
DeadlyWeapon,1, Korea Telecom,South Korea,Apache (CentOS)
Ooppss..!!,1, Unified Layer,United States,Apache
The GoGoGanG,1, ColoCrossing,United States,LiteSpeed
H4ck-Dz Team,1, Liquid Web |  L.L.C,United States,Apache
You Have been Hacked,1, Alibaba,China,nginx
#VS CYBER POLICE !,1, Microsoft Corporation,Netherlands,Apache (Ubuntu)
Own3d By Cubjrnet7,1, Lintas Data Prima |  PT,Indonesia,Apache
頁面上方 - MX-M565N,1, Taiwan Academic Network,Taiwan,Rapid Logic/1.1
Pwned!,1, Hangzhou Alibaba Advertising Co. | Ltd.,China,Apache (Win32)
HP LaserJet Professional M1212nf MFP&nbsp;&nbsp;&nbsp;65.15.101.233,1, AT&T Internet Services,United States,Mrvl-R1_0
HAAAAAAAAACKED BY FARA HACKING TEAM WITH NADJAF,1, KrasPromStroy |  LLC,Russia,Apache (Win32)
FRK48 was here .\\,1, Network Transit Holdings LLC,United States,Apache
Bientôt / Coming soon - Obambu,1, OVH SAS,France,Apache
Profil firmy,1, O2 Czech Republic,Czechia,Apache (Win32)
HP LaserJet Professional M1212nf MFP&nbsp;&nbsp;&nbsp;183.99.218.212,1, Korea Telecom,South Korea,Mrvl-R1_0
HP LaserJet Professional M1212nf MFP&nbsp;&nbsp;&nbsp;120.96.112.231,1, Taiwan Academic Network,Taiwan,Mrvl-R1_0
==[[.:: BOMBER88 ::.]]==,1, Fiber.CA,United States,Apache
AYYILDIZ TIM | Sessizce Nobetteyiz!,2, DiaMatrix cc,South Africa,Apache
lol vous devriez voir votre tete,1, Digital Ocean,Canada,Apache (CentOS)
Crystal_MSF,1, Telmex,Mexico,Microsoft-IIS/8.0
HP LaserJet P2055dn&nbsp;&nbsp;&nbsp;155.207.131.175,1, Aristotle University of Thessaloniki,Greece,Virata-EmWeb/R6_2_1
M87 & Kripton Security,1, Tencent cloud computing,Hong Kong,nginx
VandaTheGod,1, RackForest Kft.,Hungary,nginx
benary.org,1, OVH SAS,Canada,nginx
Raising Caleb and Jake.,1, Hurricane Electric,United States,Apache (Unix)
Megamindchan,2, Digital Ocean,United States,Apache (Ubuntu)
Diseño 3D online | Impresiones 3D | Curso solidworks online,1, Comvive Servidores S.L.,Spain,LiteSpeed
Hacked,3, Node4 Limited,United Kingdom,Apache (Win64)
Vitória - Ar Condicionado,1, Locaweb Servicos de Internet S/A,Brazil,Apache
Savsoft Quiz v5.0,2, Amazon.com,India,Apache (Ubuntu)
Hacker By Mr.K5h,1, Sapioterra |  LLC,United States,Apache
Kalachnikov Team Was Here,1, A Small Orange LLC,United States,Microsoft-IIS/8.0
Jaabz Blackhat,1, Digital Ocean,Netherlands,Apache (Ubuntu)
Inizio pagina - MX-M565N,1, Consortium GARR,Italy,Rapid Logic/1.1
&#1203;&#824;&#1202;&#824;&#1203; J.B.H &#1203;&#824;&#1202;&#824;&#1203;,1, Politeknik Negeri Bandung,Indonesia,Apache (Unix)
HP LaserJet Professional M1212nf MFP&nbsp;&nbsp;&nbsp;200.145.160.47,1, Universidade Estadual Paulista,Brazil,Mrvl-R1_0
BrassiBase,1, BelWue University Network,Germany,Apache (Ubuntu)
Home,3, Fastweb,Italy,Apache (Debian)
HP LaserJet Professional M1212nf MFP&nbsp;&nbsp;&nbsp;39.112.192.105,1, SK Broadband,South Korea,Mrvl-R1_0
AYYILDIZ TIM | Sessizce N�betteyiz!,1, Digital Ocean,United States,nginx
HP LaserJet P2055dn&nbsp;&nbsp;&nbsp;152.1.145.200,1, North Carolina State University,United States,Virata-EmWeb/R6_2_1
HP LaserJet Professional M1212nf MFP&nbsp;&nbsp;&nbsp;202.39.133.207,1, HiNet,Taiwan,Mrvl-R1_0
Karabakh is Azerbaijan!,1, Hostwinds LLC.,United States,nginx
HP LaserJet P2055dn&nbsp;&nbsp;&nbsp;140.138.143.82,1, Taiwan Academic Network,Taiwan,Virata-EmWeb/R6_2_1
Grayhat Phantom | Ph.Luffy,1, Unified Layer,United States,Apache
AKBAR DRAVINKY,1, Perfect International,United States,Apache (CentOS)
Tusboled by Dayat-See7,1, Unified Layer,United States,Apache
Laravel,1, Digital Ocean,Singapore,nginx
'+sysName+' - Polycom '+GetCurrentPageName ()+',2, New World Telephone,Hong Kong,lighttpd
J3rry G(-)05t,1, Videotron Ltee,Canada,Apache (Unix)  (Red-Hat/Linux)
The USS Quad Damage,1, DigitalOcean,Germany,nginx
AYYILDIZ TiM | Sessizce Nöbetteyiz!,1, Amazon.com,United States,nginx
attacked by RushuzMan,1, ColoCrossing,United States,Apache
Great Land Missions,1, Hostwinds LLC.,United States,LiteSpeed
AYYILDIZ TİM | Yıldırım Orduları,1, QuadraNet,United States,Apache
HP LaserJet P2055dn&nbsp;&nbsp;&nbsp;147.228.19.71,1, CESNET z.s.p.o.,Czechia,Virata-EmWeb/R6_2_1
ferrysyahrinal~,1, 1&1 Internet AG,United States,Apache
UnderGround People!,1, home.pl S.A.,Poland,IdeaWebServer/0.83.491
Have Funy Sayang,1, SAKURA Internet,Japan,Apache (Ubuntu)
HacKer by GeNErAL,1, Talent House,United States,nginx
./noob attacker,1, HGC Broadband,Hong Kong,Apache (Win32)
MadGoat Media | Coming Soon,1, PrivateSystems Networks,United States,Apache
Welcome to TravelStar.com,1, Unified Layer,United States,Apache
Lost System,1, Smithville Internet,United States,lighttpd/1.4.22
CryptoPlanex Exchange,1, Digital Ocean,United Kingdom,Apache (Ubuntu)
HP LaserJet Professional M1212nf MFP&nbsp;&nbsp;&nbsp;220.92.162.181,1, Korea Telecom,South Korea,Mrvl-R1_0
Hacked PERSIAN.KING,1, Unified Layer,United States,Apache
I'am Sad :|(,1, Unified Layer,United States,nginx
daily updated and tested porn passes for premium  sites | im just a casual guy who loves to crack pornsites and post passwords,1, Digital Ocean,United States,Apache (CentOS)
HP LaserJet P2055x&nbsp;&nbsp;&nbsp;167.157.17.244,1, Entel S.A. - EntelNet,Bolivia,Virata-EmWeb/R6_2_1
Hello Worlds,1, PT.Mora Telematika Indonesia,Indonesia,Apache
Touched By Mr.Forefax,1, OVH SAS,France,Apache
BrizerXone Cyber,1, Google Cloud,Singapore,nginx
South Jersey P25 - P25Reflector-Dashboard,1, Amazon.com,United States,Apache (Debian)
&#x68;&#x61;&#x63;&#x6B;&#x65;&#x64;&#x20;&#x62;&#x79;&#x20;&#x41;&#x6E;&#x6F;&#x61;&#x47;&#x68;&#x6F;&#x73;&#x74;,1, Digital Ocean,Singapore,nginx
Whoops? Hacked,1, Bigband Sdn Bhd,Malaysia,Apache
HP LaserJet P2055dn&nbsp;&nbsp;&nbsp;132.177.189.101,2, University System of New Hampshire,United States,Virata-EmWeb/R6_2_1
Official Connect Platform | Americas #1 site for Quality Service Providers!,1, Amazon.com,United States,Apache (Debian)
'/Mine7 In Here..,1, GoDaddy.com |  LLC,United States,Apache
HackThePlanet #HTP,1, Choopa |  LLC,Australia,Apache (Debian)
HP LaserJet Professional M1212nf MFP&nbsp;&nbsp;&nbsp;220.88.46.6,1, Korea Telecom,South Korea,Mrvl-R1_0
Z3R0_Cyb3r | Not 404 Found Cyber Team,1, Unified Layer,United States,nginx
HP LaserJet Professional M1217nfw MFP&nbsp;&nbsp;&nbsp;199.188.192.118,1, Monkey Brains,United States,Mrvl-R1_0
Hello Brother,1, Unified Layer,United States,Apache
CodersLeeT Team,1, MKQ Internetservice,Austria,Apache (Debian)
HP LaserJet Professional M1212nf MFP&nbsp;&nbsp;&nbsp;183.102.53.227,1, Korea Telecom,South Korea,Mrvl-R1_0
BERDENDANGC0DE,1, GoDaddy.com |  LLC,United States,Microsoft-IIS/8.5
Own3d by 407 Authentic Exploit,1, Szervernet Ltd,Hungary,Apache (Ubuntu)
CARs | About,1, Combell NV,Belgium,Apache (Debian)
FilthyRoot!,1, PT Telkom Indonesia,Indonesia,Apache
Personal Injury Solicitors Manchester UK | No Win No Fee,1, Input Output Flood LLC,United States,Apache
Eagle Eye Firewall : Powerful DDoS Protection,1, Google Cloud,United States,nginx
Slavehack,1, OVH SAS,Canada,Apache
people_hurt | Indonesian Cyber Freedom,1, 10dencehispahard |  S.L.,Spain,Apache
PsychoXploit,1, GoDaddy.com |  LLC,United States,Apache
Empire Consulting |  LP,1, GoDaddy.com |  LLC,United States,Apache
ass hack,1, IP Ivanov Dmitry Alekseevich,Russia,hypercorn-h11
fr 1,1, Inet Hosting,South Korea,Apache (Unix)
防灾科技学院在线考试系统,1, China Unicom Liaoning,China,Microsoft-IIS/7.5
Ome Mishra,1, Cloudflare,United States,cloudflare
Maintenance mode,1, Unified Layer,United States,Apache
V,1, Tencent cloud computing,Hong Kong,nginx
Defaced by Rhie_bj,1, pair Networks,United States,Apache
aaaaAAAAaaaAAA,1, Argon Data Communication,Indonesia,nginx
HP LaserJet Professional M1212nf MFP&nbsp;&nbsp;&nbsp;129.10.135.204,1, Northeastern University,United States,Mrvl-R1_0
Arjun Health &amp; Hygiene | Facial Tissue | Napkins | Towels | Toilet Rolls,1, GoDaddy.com |  LLC,United States,Apache (Unix)
Advisory Explicit Content,1, Nos Comunicacoes |  S.A.,Portugal,Apache (Debian)
Efe Sigorta Ekspertiz Hizmetleri - Eskişehir,1, OdeaWeb,Turkey,nginx
laZy hAcker,1, Fanavari Serverpars Argham Gostar Company Ltd.,Iran,Apache
#LulzSec Team [Albania]~,1, Continental Broadband Pennsylvania,United States,Apache
NekoChan.ID - Indonesian People,1, PrivateSystems Networks,United States,Apache
N45HT,1, DigitalOcean,Singapore,nginx
HP LaserJet Professional M1212nf MFP&nbsp;&nbsp;&nbsp;85.130.96.20,1, A1 Bulgaria,Bulgaria,Mrvl-R1_0
HP LaserJet P2055dn&nbsp;&nbsp;&nbsp;72.47.24.3,1, Suddenlink Communications,United States,Virata-EmWeb/R6_2_1
FuckDpr,1, Dinas Komunikasi Dan Informatika Kab. Bekasi,Indonesia,Apache (Win64)
HP LaserJet Professional M1212nf MFP&nbsp;&nbsp;&nbsp;49.167.33.73,1, Lg Powercomm,South Korea,Mrvl-R1_0
HP LaserJet Professional M1217nfw MFP&nbsp;&nbsp;&nbsp;50.224.142.14,1, Comcast Business,United States,Mrvl-R1_0
Owned by RootAyyıldız,1, Amazon.com,India,Apache (Ubuntu)
./Pir4t3cyb3r Ft MR.COMBET,1, Pustekkom,Indonesia,nginx
Murrez ~ Heroin,1, Amazon.com,Japan,Apache
BFA,2, Claro S.A.,Brazil,Apache (CentOS)
-=[ The Crows Crew ]=-,1, Free SAS,France,nginx
«๏ஜ【XXX~HACKER TEAM】ஜ๏»,1, Unified Layer,United States,Apache
:: Gradua��o NEAD/UFSJ ::,1, Associacao Rede Nacional de Ensino e Pesquisa,Brazil,Apache (Ubuntu)
HP LaserJet Professional M1212nf MFP&nbsp;&nbsp;&nbsp;137.82.92.40,1, University of British Columbia,Canada,Mrvl-R1_0
Yusuf Was here!,1, InMotion Hosting,United States,Apache
Vigor Login Page,1, Viettel Group,Vietnam,None
HEY !,1, Media Temple,United States,Apache
Maroccain Hackers,1, Unified Layer,United States,Apache
Hacked Labex 60z!o -,1, JSC The First,Russia,nginx
Kiesewetter KG - Wir sind bald wieder f&uuml;r Sie da,1, Bisping & Bisping GmbH & Co KG,Germany,Apache
Полные игры с модами | Взломанные игры без доната,1, Techcom Ltd,Ukraine,nginx
HP LaserJet Professional M1212nf MFP&nbsp;&nbsp;&nbsp;200.145.160.135,1, Universidade Estadual Paulista,Brazil,Mrvl-R1_0
HP LaserJet Professional M1212nf MFP&nbsp;&nbsp;&nbsp;125.142.210.156,1, Korea Telecom,South Korea,Mrvl-R1_0
HP LaserJet Professional M1212nf MFP&nbsp;&nbsp;&nbsp;160.114.118.118,1, University of Szeged,Hungary,Mrvl-R1_0
XAMPP Version 1.6.5,1, Deutsche Telekom AG,Germany,Apache (Win32)
HP LaserJet P2055dn&nbsp;&nbsp;&nbsp;142.150.180.23,1, University of Toronto,Canada,Virata-EmWeb/R6_2_1
MATTEO INTERNATIONAL COMPANY,1, Vietnam Posts And Telecommunications Group,Vietnam,nginx
BUCINAN D1ND4,1, Google Cloud,United States,Apache (Debian)
Municipalidad Provincial de Tambopata,1, Steadfast,United States,Apache
Touched By ./BE64L,1, Amazon.com,United States,Apache (Amazon)
TERSAKITI T_T,1, QualityNet,Kuwait,Microsoft-IIS/6.0
REVPOL: ON THE NATION,1, RamNode LLC,United States,Apache (Ubuntu)
HP LaserJet Professional M1212nf MFP&nbsp;&nbsp;&nbsp;121.182.14.227,1, Korea Telecom,South Korea,Mrvl-R1_0
Directory listing for /,1, Amazon.com,United States,Apache (Amazon)
Retro Dreams | Home,1, NorthState,United States,Apache (Ubuntu)
ORVIBOUS,1, Psychz Networks,United States,Apache
HP LaserJet Professional M1212nf MFP&nbsp;&nbsp;&nbsp;96.69.146.177,1, Comcast Business,United States,Mrvl-R1_0
HP LaserJet Professional M1212nf MFP&nbsp;&nbsp;&nbsp;192.168.1.102,1, A1 Bulgaria,Bulgaria,Mrvl-R1_0
You Got Hacked ./Mr4NGG3R,1, PT Remala Abadi,Indonesia,Apache (Win32)
&#20116&#22823&#32852&#36187&#25490&#21517&#95&#33150&#35759&#20307&#32946,1, China Telecom,China,Apache (Win32)
HP LaserJet P2055dn&nbsp;&nbsp;&nbsp;165.24.36.174,1, San Diego Unified School District,United States,Virata-EmWeb/R6_2_1
General-c4,1, Unified Layer,United States,Apache
Spyhackerz,1, EWEBGURU,India,Apache
Hacked BySiberAnalist | Ayyıldız Tim,1, Digital Ocean,United States,Apache (Ubuntu)
Louis de Joliet Publishing - Social |  Political |  Organizational |  Economic Philosophy,1, WestHost,United States,Apache
HP LaserJet Professional M1212nf MFP&nbsp;&nbsp;&nbsp;221.144.132.153,1, Korea Telecom,South Korea,Mrvl-R1_0
JkbWorld.com,1, Evocative,United States,Apache (Debian)
La Colonia - Banco Provinica,1, NSS S.A.,Argentina,Microsoft-IIS/10.0
Hack3D by 4LM05TH3V!L,1, GMDP Banten,Indonesia,Apache (FreeBSD)
HP LaserJet P2055dn&nbsp;&nbsp;&nbsp;142.150.176.168,1, University of Toronto,Canada,Virata-EmWeb/R6_2_1
HP LaserJet Professional M1212nf MFP&nbsp;&nbsp;&nbsp;14.48.150.114,1, Korea Telecom,South Korea,Mrvl-R1_0
Kissed BY CRAZYQIM,1, Digital Ocean,Germany,LiteSpeed
Taken Over by m4g!c_mUn5h!,1, New Dream Network |  LLC,United States,Apache
HP LaserJet Professional M1212nf MFP&nbsp;&nbsp;&nbsp;59.12.154.20,1, Korea Telecom,South Korea,Mrvl-R1_0
AYYILDIZ T&#65533;M | Sessizce N&#65533;betteyiz!,2, 2iC Systems,Canada,Apache
LinuXsploit_crew,1, Jazztel,Spain,Microsoft-IIS/5.0
SIBER SANCAK,1, Choopa |  LLC,Japan,nginx
HP LaserJet P2055dn&nbsp;&nbsp;&nbsp;128.119.140.140,1, Five Colleges Network,United States,Virata-EmWeb/R6_2_1
Owned by gilberzx &#8211; gilberzx,1, DigitalOcean,Singapore,nginx
Aku Kangen Banget :(,1, Hetzner Online GmbH,Germany,Apache
HP LaserJet Professional M1212nf MFP&nbsp;&nbsp;&nbsp;192.168.0.4,1, Claro NET,Brazil,Mrvl-R1_0
0wnedz By #KangTikungDeface@Go.id ~ ./G1L4N6_ST86,1, GoDaddy.com |  LLC,United States,Apache
SYSTEM HACKED,1, Hangzhou Alibaba Advertising Co. | Ltd.,China,nginx
Blue Hacker Gaming,1, OVH SAS,France,Apache (Debian)
System Weak,1, Google Cloud,Belgium,Apache (Unix)
HP LaserJet Professional M1212nf MFP&nbsp;&nbsp;&nbsp;137.82.92.18,1, University of British Columbia,Canada,Mrvl-R1_0
HP LaserJet Professional M1212nf MFP&nbsp;&nbsp;&nbsp;14.45.237.165,1, Korea Telecom,South Korea,Mrvl-R1_0
HP LaserJet Professional M1212nf MFP&nbsp;&nbsp;&nbsp;200.145.158.120,1, Universidade Estadual Paulista,Brazil,Mrvl-R1_0
Hacked?,1, Hangzhou Alibaba Advertising Co. | Ltd.,China,nginx
HP LaserJet P2055dn&nbsp;&nbsp;&nbsp;169.237.6.21,2, University of California at Davis,United States,Virata-EmWeb/R6_2_1
Chained Links: An Archive of Free Crochet Patterns,1, pair Networks,United States,Apache
Welcome To BlackWin,1, Algerie Telecom,Algeria,Apache (Win64)
HP LaserJet Professional M1212nf MFP&nbsp;&nbsp;&nbsp;147.213.141.66,1, Zdruzenie pouzivatelov Slovenskej akademickej dato,Slovakia,Mrvl-R1_0
p0wn3dd By LastC0de,1, Verizon Wireless,United States,Boa/0.94.13.1
GT | GT Login,1, Comcast Cable,United States,Apache (Raspbian)
..:: WEB SECURITY LOW ::..,1, home.pl S.A.,Poland,IdeaWebServer/0.83.468
Hacked!!,1, Amazon.com,United States,Apache (Ubuntu)
HP LaserJet Professional M1212nf MFP&nbsp;&nbsp;&nbsp;121.161.173.94,1, Korea Telecom,South Korea,Mrvl-R1_0
..::GHOSTSECT-TEAM WAS HERE:..,1, pair Networks,United States,Apache
Pwned by Cypher,1, Choopa |  LLC,United States,nginx
Benjamin's blog,2, OVH SAS,France,nginx
kilitary,1, Skynet Ltd,Russia,nginx
Monkey B Luffy,2, Unified Layer,United States,Apache (Unix)
CRIMIN.AL,2, BL Networks GB,United Kingdom,Apache (Ubuntu)
